-- phpMyAdmin SQL Dump
-- version 3.3.9.2
-- http://www.phpmyadmin.net
--
-- Host: localhost
-- Generation Time: May 15, 2012 at 09:47 PM
-- Server version: 5.5.9
-- PHP Version: 5.3.6

SET SQL_MODE="NO_AUTO_VALUE_ON_ZERO";


/*!40101 SET @OLD_CHARACTER_SET_CLIENT=@@CHARACTER_SET_CLIENT */;
/*!40101 SET @OLD_CHARACTER_SET_RESULTS=@@CHARACTER_SET_RESULTS */;
/*!40101 SET @OLD_COLLATION_CONNECTION=@@COLLATION_CONNECTION */;
/*!40101 SET NAMES utf8 */;

--
-- Database: `lazysunday`
--

-- --------------------------------------------------------

--
-- Table structure for table `games`
--

CREATE TABLE `games` (
  `id` int(11) unsigned NOT NULL AUTO_INCREMENT,
  `data` datetime NOT NULL,
  `resultado` text NOT NULL,
  `estado` text NOT NULL,
  `created` datetime NOT NULL,
  `modified` datetime NOT NULL,
  PRIMARY KEY (`id`)
) ENGINE=InnoDB  DEFAULT CHARSET=latin1 AUTO_INCREMENT=37 ;

--
-- Dumping data for table `games`
--

INSERT INTO `games` VALUES(8, '2012-02-05 18:30:00', '0-1', '2', '2012-02-24 01:52:32', '2012-03-05 02:47:13');
INSERT INTO `games` VALUES(9, '2012-02-12 18:30:00', '1-0', '2', '2012-02-24 02:01:42', '2012-03-05 02:47:08');
INSERT INTO `games` VALUES(10, '2012-02-19 18:30:00', '1-0', '2', '2012-02-24 02:02:17', '2012-03-05 02:46:52');
INSERT INTO `games` VALUES(11, '2012-02-26 18:30:00', '10-8', '2', '2012-02-24 02:02:53', '2012-03-05 02:46:46');
INSERT INTO `games` VALUES(23, '2012-03-04 18:30:00', '7-10', '2', '2012-03-05 02:47:50', '2012-03-05 02:48:31');
INSERT INTO `games` VALUES(24, '2012-03-11 18:30:00', '10-5', '2', '2012-03-05 03:17:55', '2012-03-05 03:18:13');
INSERT INTO `games` VALUES(25, '2012-03-18 18:30:00', '20-15', '2', '2012-03-16 20:00:54', '2012-03-25 15:25:20');
INSERT INTO `games` VALUES(26, '2012-03-25 18:30:00', '14-11', '2', '2012-03-25 16:23:40', '2012-03-25 21:52:54');
INSERT INTO `games` VALUES(29, '2012-04-01 18:30:00', '7-8', '2', '2012-03-26 04:47:02', '2012-04-01 15:49:07');
INSERT INTO `games` VALUES(30, '2012-04-08 18:30:00', '9-14', '2', '2012-04-06 12:17:34', '2012-04-10 23:16:31');
INSERT INTO `games` VALUES(31, '2012-04-15 18:30:00', '10-11', '2', '2012-04-13 10:45:42', '2012-04-15 15:29:07');
INSERT INTO `games` VALUES(32, '2012-04-22 18:30:00', '7-13', '2', '2012-04-20 09:40:15', '2012-04-22 15:02:38');
INSERT INTO `games` VALUES(33, '2012-04-29 18:30:00', '9-6', '2', '2012-04-27 15:06:31', '2012-04-29 15:09:06');
INSERT INTO `games` VALUES(34, '2012-05-06 18:30:00', '8-9', '2', '2012-05-05 07:37:52', '2012-05-06 14:05:47');
INSERT INTO `games` VALUES(35, '2012-05-13 18:30:00', '3-11', '2', '2012-05-11 16:39:16', '2012-05-13 14:54:28');
INSERT INTO `games` VALUES(36, '2012-05-15 18:30:00', '', '0', '2012-05-15 21:37:44', '2012-05-15 21:37:44');

-- --------------------------------------------------------

--
-- Table structure for table `goals`
--

CREATE TABLE `goals` (
  `id` int(10) unsigned NOT NULL AUTO_INCREMENT,
  `player_id` int(10) unsigned NOT NULL,
  `game_id` int(10) unsigned NOT NULL,
  `golos` int(11) NOT NULL,
  PRIMARY KEY (`id`)
) ENGINE=InnoDB  DEFAULT CHARSET=latin1 AUTO_INCREMENT=157 ;

--
-- Dumping data for table `goals`
--

INSERT INTO `goals` VALUES(16, 32, 11, 1);
INSERT INTO `goals` VALUES(17, 14, 11, 1);
INSERT INTO `goals` VALUES(18, 19, 11, 3);
INSERT INTO `goals` VALUES(19, 18, 11, 3);
INSERT INTO `goals` VALUES(20, 23, 11, 2);
INSERT INTO `goals` VALUES(21, 21, 11, 2);
INSERT INTO `goals` VALUES(22, 15, 11, 3);
INSERT INTO `goals` VALUES(23, 20, 11, 3);
INSERT INTO `goals` VALUES(24, 25, 11, 0);
INSERT INTO `goals` VALUES(25, 22, 11, 0);
INSERT INTO `goals` VALUES(26, 16, 23, 2);
INSERT INTO `goals` VALUES(27, 14, 23, 0);
INSERT INTO `goals` VALUES(28, 19, 23, 2);
INSERT INTO `goals` VALUES(29, 20, 23, 2);
INSERT INTO `goals` VALUES(30, 23, 23, 1);
INSERT INTO `goals` VALUES(31, 21, 23, 5);
INSERT INTO `goals` VALUES(32, 15, 23, 1);
INSERT INTO `goals` VALUES(33, 18, 23, 2);
INSERT INTO `goals` VALUES(34, 25, 23, 2);
INSERT INTO `goals` VALUES(35, 22, 23, 0);
INSERT INTO `goals` VALUES(36, 14, 24, 1);
INSERT INTO `goals` VALUES(37, 15, 24, 3);
INSERT INTO `goals` VALUES(38, 16, 24, 0);
INSERT INTO `goals` VALUES(39, 17, 24, 3);
INSERT INTO `goals` VALUES(40, 18, 24, 1);
INSERT INTO `goals` VALUES(41, 19, 24, 0);
INSERT INTO `goals` VALUES(42, 20, 24, 3);
INSERT INTO `goals` VALUES(43, 22, 24, 1);
INSERT INTO `goals` VALUES(44, 25, 24, 3);
INSERT INTO `goals` VALUES(45, 30, 24, 0);
INSERT INTO `goals` VALUES(66, 15, 25, 4);
INSERT INTO `goals` VALUES(67, 21, 25, 6);
INSERT INTO `goals` VALUES(68, 20, 25, 4);
INSERT INTO `goals` VALUES(69, 16, 25, 6);
INSERT INTO `goals` VALUES(70, 19, 25, 0);
INSERT INTO `goals` VALUES(71, 22, 25, 0);
INSERT INTO `goals` VALUES(72, 30, 25, 7);
INSERT INTO `goals` VALUES(73, 17, 25, 3);
INSERT INTO `goals` VALUES(74, 23, 25, 3);
INSERT INTO `goals` VALUES(75, 14, 25, 2);
INSERT INTO `goals` VALUES(76, 21, 26, 3);
INSERT INTO `goals` VALUES(77, 16, 26, 6);
INSERT INTO `goals` VALUES(78, 18, 26, 3);
INSERT INTO `goals` VALUES(79, 19, 26, 0);
INSERT INTO `goals` VALUES(80, 14, 26, 2);
INSERT INTO `goals` VALUES(81, 20, 26, 4);
INSERT INTO `goals` VALUES(82, 22, 26, 0);
INSERT INTO `goals` VALUES(83, 24, 26, 1);
INSERT INTO `goals` VALUES(84, 17, 26, 4);
INSERT INTO `goals` VALUES(85, 25, 26, 2);
INSERT INTO `goals` VALUES(86, 21, 29, 1);
INSERT INTO `goals` VALUES(87, 20, 29, 3);
INSERT INTO `goals` VALUES(88, 22, 29, 1);
INSERT INTO `goals` VALUES(89, 14, 29, 0);
INSERT INTO `goals` VALUES(90, 25, 29, 2);
INSERT INTO `goals` VALUES(91, 15, 29, 1);
INSERT INTO `goals` VALUES(92, 16, 29, 2);
INSERT INTO `goals` VALUES(93, 18, 29, 2);
INSERT INTO `goals` VALUES(94, 19, 29, 2);
INSERT INTO `goals` VALUES(95, 24, 29, 1);
INSERT INTO `goals` VALUES(96, 15, 30, 1);
INSERT INTO `goals` VALUES(97, 20, 30, 2);
INSERT INTO `goals` VALUES(98, 23, 30, 3);
INSERT INTO `goals` VALUES(99, 14, 30, 2);
INSERT INTO `goals` VALUES(100, 33, 30, 1);
INSERT INTO `goals` VALUES(101, 31, 30, 2);
INSERT INTO `goals` VALUES(102, 21, 30, 1);
INSERT INTO `goals` VALUES(103, 16, 30, 4);
INSERT INTO `goals` VALUES(104, 17, 30, 6);
INSERT INTO `goals` VALUES(105, 25, 30, 1);
INSERT INTO `goals` VALUES(106, 16, 31, 4);
INSERT INTO `goals` VALUES(107, 18, 31, 1);
INSERT INTO `goals` VALUES(108, 17, 31, 2);
INSERT INTO `goals` VALUES(109, 24, 31, 2);
INSERT INTO `goals` VALUES(110, 22, 31, 1);
INSERT INTO `goals` VALUES(111, 21, 31, 3);
INSERT INTO `goals` VALUES(112, 15, 31, 2);
INSERT INTO `goals` VALUES(113, 34, 31, 1);
INSERT INTO `goals` VALUES(114, 19, 31, 1);
INSERT INTO `goals` VALUES(115, 14, 31, 4);
INSERT INTO `goals` VALUES(116, 21, 32, 2);
INSERT INTO `goals` VALUES(117, 18, 32, 2);
INSERT INTO `goals` VALUES(118, 19, 32, 1);
INSERT INTO `goals` VALUES(119, 22, 32, 2);
INSERT INTO `goals` VALUES(120, 16, 32, 4);
INSERT INTO `goals` VALUES(121, 15, 32, 2);
INSERT INTO `goals` VALUES(122, 17, 32, 5);
INSERT INTO `goals` VALUES(123, 14, 32, 1);
INSERT INTO `goals` VALUES(124, 25, 32, 1);
INSERT INTO `goals` VALUES(125, 20, 32, 0);
INSERT INTO `goals` VALUES(127, 17, 33, 4);
INSERT INTO `goals` VALUES(128, 34, 33, 0);
INSERT INTO `goals` VALUES(129, 18, 33, 2);
INSERT INTO `goals` VALUES(130, 19, 33, 2);
INSERT INTO `goals` VALUES(131, 14, 33, 1);
INSERT INTO `goals` VALUES(132, 15, 33, 2);
INSERT INTO `goals` VALUES(133, 35, 33, 2);
INSERT INTO `goals` VALUES(134, 25, 33, 0);
INSERT INTO `goals` VALUES(135, 23, 33, 1);
INSERT INTO `goals` VALUES(136, 22, 33, 1);
INSERT INTO `goals` VALUES(137, 16, 34, 1);
INSERT INTO `goals` VALUES(138, 17, 34, 2);
INSERT INTO `goals` VALUES(139, 19, 34, 2);
INSERT INTO `goals` VALUES(140, 24, 34, 2);
INSERT INTO `goals` VALUES(141, 23, 34, 1);
INSERT INTO `goals` VALUES(142, 21, 34, 2);
INSERT INTO `goals` VALUES(143, 15, 34, 2);
INSERT INTO `goals` VALUES(144, 18, 34, 2);
INSERT INTO `goals` VALUES(145, 14, 34, 1);
INSERT INTO `goals` VALUES(146, 22, 34, 2);
INSERT INTO `goals` VALUES(147, 21, 35, 0);
INSERT INTO `goals` VALUES(148, 18, 35, 1);
INSERT INTO `goals` VALUES(149, 14, 35, 1);
INSERT INTO `goals` VALUES(150, 25, 35, 1);
INSERT INTO `goals` VALUES(151, 24, 35, 0);
INSERT INTO `goals` VALUES(152, 15, 35, 5);
INSERT INTO `goals` VALUES(153, 16, 35, 4);
INSERT INTO `goals` VALUES(154, 20, 35, 0);
INSERT INTO `goals` VALUES(155, 22, 35, 2);
INSERT INTO `goals` VALUES(156, 23, 35, 0);

-- --------------------------------------------------------

--
-- Table structure for table `invites`
--

CREATE TABLE `invites` (
  `id` int(10) unsigned NOT NULL AUTO_INCREMENT,
  `game_id` int(10) unsigned NOT NULL,
  `player_id` int(10) unsigned NOT NULL,
  `available` tinyint(1) DEFAULT NULL,
  `created` datetime NOT NULL,
  `modified` datetime NOT NULL,
  PRIMARY KEY (`id`)
) ENGINE=InnoDB  DEFAULT CHARSET=latin1 AUTO_INCREMENT=208 ;

--
-- Dumping data for table `invites`
--

INSERT INTO `invites` VALUES(13, 11, 14, 1, '2012-03-02 16:09:34', '2012-03-02 16:09:34');
INSERT INTO `invites` VALUES(14, 11, 15, 1, '2012-03-02 16:09:40', '2012-03-02 16:09:40');
INSERT INTO `invites` VALUES(15, 11, 16, 1, '2012-03-02 16:09:44', '2012-03-02 16:09:44');
INSERT INTO `invites` VALUES(16, 11, 17, 1, '2012-03-02 16:09:50', '2012-03-02 16:09:50');
INSERT INTO `invites` VALUES(17, 11, 18, 1, '2012-03-02 16:09:55', '2012-03-02 16:09:55');
INSERT INTO `invites` VALUES(18, 11, 19, 1, '2012-03-02 16:10:03', '2012-03-02 16:10:03');
INSERT INTO `invites` VALUES(20, 11, 20, 1, '2012-03-02 16:10:29', '2012-03-02 16:10:29');
INSERT INTO `invites` VALUES(21, 11, 29, 0, '2012-03-03 23:25:05', '2012-03-03 23:25:05');
INSERT INTO `invites` VALUES(22, 11, 28, 0, '2012-03-03 23:27:30', '2012-03-03 23:27:30');
INSERT INTO `invites` VALUES(42, 22, 14, 0, '2012-03-04 01:31:25', '2012-03-04 01:31:25');
INSERT INTO `invites` VALUES(43, 22, 15, 1, '2012-03-04 01:31:25', '2012-03-04 01:31:25');
INSERT INTO `invites` VALUES(44, 22, 16, NULL, '2012-03-04 01:31:25', '2012-03-04 01:31:25');
INSERT INTO `invites` VALUES(45, 0, 0, 0, '2012-03-04 17:51:51', '2012-03-04 17:51:51');
INSERT INTO `invites` VALUES(46, 0, 0, 0, '2012-03-04 17:52:22', '2012-03-04 17:52:22');
INSERT INTO `invites` VALUES(47, 0, 0, 0, '2012-03-04 17:52:43', '2012-03-04 17:52:44');
INSERT INTO `invites` VALUES(48, 0, 0, 0, '2012-03-04 17:53:15', '2012-03-04 17:53:15');
INSERT INTO `invites` VALUES(49, 0, 0, 0, '2012-03-04 17:53:47', '2012-03-04 17:53:48');
INSERT INTO `invites` VALUES(50, 0, 0, 0, '2012-03-04 17:54:00', '2012-03-04 17:54:01');
INSERT INTO `invites` VALUES(51, 22, 17, NULL, '2012-03-04 18:06:55', '2012-03-04 18:06:55');
INSERT INTO `invites` VALUES(52, 22, 19, 1, '2012-03-04 18:06:55', '2012-03-04 18:06:55');
INSERT INTO `invites` VALUES(53, 22, 18, 1, '2012-03-04 18:07:06', '2012-03-04 18:07:06');
INSERT INTO `invites` VALUES(54, 24, 14, 1, '2012-03-05 03:17:55', '2012-03-05 03:17:55');
INSERT INTO `invites` VALUES(55, 24, 15, 0, '2012-03-05 03:17:55', '2012-03-05 03:17:55');
INSERT INTO `invites` VALUES(56, 24, 16, 0, '2012-03-05 03:17:55', '2012-03-05 03:17:55');
INSERT INTO `invites` VALUES(57, 24, 18, 1, '2012-03-05 03:17:55', '2012-03-05 03:17:55');
INSERT INTO `invites` VALUES(58, 24, 19, 1, '2012-03-05 03:17:55', '2012-03-05 03:17:55');
INSERT INTO `invites` VALUES(59, 24, 20, 1, '2012-03-05 03:17:55', '2012-03-05 03:17:55');
INSERT INTO `invites` VALUES(60, 24, 21, 1, '2012-03-05 03:17:55', '2012-03-05 03:17:55');
INSERT INTO `invites` VALUES(61, 24, 22, 0, '2012-03-05 03:17:55', '2012-03-05 03:17:55');
INSERT INTO `invites` VALUES(62, 24, 24, 1, '2012-03-05 03:17:55', '2012-03-05 03:17:55');
INSERT INTO `invites` VALUES(63, 24, 25, 0, '2012-03-05 03:17:55', '2012-03-05 03:17:55');
INSERT INTO `invites` VALUES(64, 24, 17, 0, '2012-03-16 02:55:14', '2012-03-16 02:55:14');
INSERT INTO `invites` VALUES(65, 25, 14, 1, '2012-03-16 20:00:54', '2012-03-16 20:00:54');
INSERT INTO `invites` VALUES(66, 25, 16, 1, '2012-03-16 20:00:54', '2012-03-16 20:00:54');
INSERT INTO `invites` VALUES(67, 25, 17, 1, '2012-03-16 20:00:54', '2012-03-16 20:00:54');
INSERT INTO `invites` VALUES(68, 25, 18, 0, '2012-03-16 20:00:54', '2012-03-16 20:00:54');
INSERT INTO `invites` VALUES(69, 25, 19, 1, '2012-03-16 20:00:54', '2012-03-16 20:00:54');
INSERT INTO `invites` VALUES(70, 25, 20, 1, '2012-03-16 20:00:54', '2012-03-16 20:00:54');
INSERT INTO `invites` VALUES(71, 25, 21, 1, '2012-03-16 20:00:54', '2012-03-16 20:00:54');
INSERT INTO `invites` VALUES(72, 25, 22, 1, '2012-03-16 20:00:54', '2012-03-16 20:00:54');
INSERT INTO `invites` VALUES(73, 25, 24, 0, '2012-03-16 20:00:54', '2012-03-16 20:00:54');
INSERT INTO `invites` VALUES(74, 25, 25, 0, '2012-03-16 20:00:54', '2012-03-16 20:00:54');
INSERT INTO `invites` VALUES(75, 25, 15, 1, '2012-03-17 01:58:22', '2012-03-17 01:58:22');
INSERT INTO `invites` VALUES(76, 25, 30, 1, '2012-03-17 02:22:30', '2012-03-17 02:22:30');
INSERT INTO `invites` VALUES(77, 25, 26, NULL, '2012-03-17 02:54:05', '2012-03-17 02:54:05');
INSERT INTO `invites` VALUES(78, 25, 23, 1, '2012-03-17 02:58:53', '2012-03-17 02:58:53');
INSERT INTO `invites` VALUES(79, 25, 27, NULL, '2012-03-17 02:58:53', '2012-03-17 02:58:53');
INSERT INTO `invites` VALUES(80, 25, 32, NULL, '2012-03-18 04:26:24', '2012-03-18 04:26:24');
INSERT INTO `invites` VALUES(81, 26, 14, 1, '2012-03-25 16:23:40', '2012-03-25 16:23:40');
INSERT INTO `invites` VALUES(82, 26, 16, 1, '2012-03-25 16:23:40', '2012-03-25 16:23:40');
INSERT INTO `invites` VALUES(83, 26, 17, 1, '2012-03-25 16:23:40', '2012-03-25 16:23:40');
INSERT INTO `invites` VALUES(84, 26, 18, 1, '2012-03-25 16:23:40', '2012-03-25 16:23:40');
INSERT INTO `invites` VALUES(85, 26, 19, 1, '2012-03-25 16:23:40', '2012-03-25 16:23:40');
INSERT INTO `invites` VALUES(86, 26, 20, 1, '2012-03-25 16:23:40', '2012-03-25 16:23:40');
INSERT INTO `invites` VALUES(87, 26, 21, 1, '2012-03-25 16:23:40', '2012-03-25 16:23:40');
INSERT INTO `invites` VALUES(88, 26, 22, 1, '2012-03-25 16:23:40', '2012-03-25 16:23:40');
INSERT INTO `invites` VALUES(89, 26, 24, 1, '2012-03-25 16:23:40', '2012-03-25 16:23:40');
INSERT INTO `invites` VALUES(90, 26, 25, 1, '2012-03-25 16:23:40', '2012-03-25 16:23:40');
INSERT INTO `invites` VALUES(91, 27, 14, 1, '2012-03-25 23:01:39', '2012-03-25 23:01:39');
INSERT INTO `invites` VALUES(92, 27, 16, 1, '2012-03-25 23:01:39', '2012-03-25 23:01:39');
INSERT INTO `invites` VALUES(93, 27, 17, 1, '2012-03-25 23:01:39', '2012-03-25 23:01:39');
INSERT INTO `invites` VALUES(94, 27, 18, 1, '2012-03-25 23:01:39', '2012-03-25 23:01:39');
INSERT INTO `invites` VALUES(95, 27, 19, 1, '2012-03-25 23:01:39', '2012-03-25 23:01:39');
INSERT INTO `invites` VALUES(96, 27, 20, 1, '2012-03-25 23:01:39', '2012-03-25 23:01:39');
INSERT INTO `invites` VALUES(97, 27, 21, 1, '2012-03-25 23:01:39', '2012-03-25 23:01:39');
INSERT INTO `invites` VALUES(98, 27, 22, 1, '2012-03-25 23:01:39', '2012-03-25 23:01:39');
INSERT INTO `invites` VALUES(99, 27, 24, 0, '2012-03-25 23:01:39', '2012-03-25 23:01:39');
INSERT INTO `invites` VALUES(100, 27, 25, 1, '2012-03-25 23:01:39', '2012-03-25 23:01:39');
INSERT INTO `invites` VALUES(101, 27, 15, 1, '2012-03-25 23:03:30', '2012-03-25 23:03:30');
INSERT INTO `invites` VALUES(102, 27, 23, NULL, '2012-03-25 23:03:30', '2012-03-25 23:03:30');
INSERT INTO `invites` VALUES(114, 29, 14, 1, '2012-03-31 03:17:57', '2012-03-31 03:17:57');
INSERT INTO `invites` VALUES(115, 29, 16, 1, '2012-03-31 03:17:57', '2012-03-31 03:17:57');
INSERT INTO `invites` VALUES(116, 29, 17, 0, '2012-03-31 03:17:57', '2012-03-31 03:17:57');
INSERT INTO `invites` VALUES(117, 29, 18, 1, '2012-03-31 03:17:57', '2012-03-31 03:17:57');
INSERT INTO `invites` VALUES(118, 29, 19, 1, '2012-03-31 03:17:57', '2012-03-31 03:17:57');
INSERT INTO `invites` VALUES(119, 29, 20, 1, '2012-03-31 03:17:57', '2012-03-31 03:17:57');
INSERT INTO `invites` VALUES(120, 29, 21, 1, '2012-03-31 03:17:57', '2012-03-31 03:17:57');
INSERT INTO `invites` VALUES(121, 29, 22, 1, '2012-03-31 03:17:57', '2012-03-31 03:17:57');
INSERT INTO `invites` VALUES(122, 29, 24, 1, '2012-03-31 03:17:57', '2012-03-31 03:17:57');
INSERT INTO `invites` VALUES(123, 29, 25, 1, '2012-03-31 03:17:57', '2012-03-31 03:17:57');
INSERT INTO `invites` VALUES(124, 29, 15, 1, '2012-03-31 08:19:43', '2012-03-31 08:19:43');
INSERT INTO `invites` VALUES(125, 30, 14, 1, '2012-04-06 12:17:34', '2012-04-06 12:17:34');
INSERT INTO `invites` VALUES(126, 30, 15, 1, '2012-04-06 12:17:34', '2012-04-06 12:17:34');
INSERT INTO `invites` VALUES(127, 30, 16, 1, '2012-04-06 12:17:34', '2012-04-06 12:17:34');
INSERT INTO `invites` VALUES(128, 30, 17, 1, '2012-04-06 12:17:34', '2012-04-06 12:17:34');
INSERT INTO `invites` VALUES(129, 30, 18, 0, '2012-04-06 12:17:34', '2012-04-06 12:17:34');
INSERT INTO `invites` VALUES(130, 30, 19, 0, '2012-04-06 12:17:34', '2012-04-06 12:17:34');
INSERT INTO `invites` VALUES(131, 30, 20, 1, '2012-04-06 12:17:34', '2012-04-06 12:17:34');
INSERT INTO `invites` VALUES(132, 30, 21, 1, '2012-04-06 12:17:34', '2012-04-06 12:17:34');
INSERT INTO `invites` VALUES(133, 30, 23, 1, '2012-04-06 12:17:34', '2012-04-06 12:17:34');
INSERT INTO `invites` VALUES(134, 30, 25, 1, '2012-04-06 12:17:34', '2012-04-06 12:17:34');
INSERT INTO `invites` VALUES(135, 30, 30, 0, '2012-04-06 12:17:34', '2012-04-06 12:17:34');
INSERT INTO `invites` VALUES(136, 30, 31, 1, '2012-04-08 06:40:05', '2012-04-08 06:40:05');
INSERT INTO `invites` VALUES(137, 30, 33, 1, '2012-04-08 08:23:48', '2012-04-08 08:23:48');
INSERT INTO `invites` VALUES(138, 31, 14, 1, '2012-04-13 10:45:42', '2012-04-13 10:45:42');
INSERT INTO `invites` VALUES(139, 31, 15, 1, '2012-04-13 10:45:42', '2012-04-13 10:45:42');
INSERT INTO `invites` VALUES(140, 31, 16, 1, '2012-04-13 10:45:42', '2012-04-13 10:45:42');
INSERT INTO `invites` VALUES(141, 31, 17, 1, '2012-04-13 10:45:42', '2012-04-13 10:45:42');
INSERT INTO `invites` VALUES(142, 31, 18, 1, '2012-04-13 10:45:42', '2012-04-13 10:45:42');
INSERT INTO `invites` VALUES(143, 31, 19, 1, '2012-04-13 10:45:42', '2012-04-13 10:45:42');
INSERT INTO `invites` VALUES(144, 31, 21, 1, '2012-04-13 10:45:42', '2012-04-13 10:45:42');
INSERT INTO `invites` VALUES(145, 31, 22, 1, '2012-04-13 10:45:42', '2012-04-13 10:45:42');
INSERT INTO `invites` VALUES(147, 31, 24, 1, '2012-04-13 10:45:42', '2012-04-13 10:45:42');
INSERT INTO `invites` VALUES(149, 31, 34, 1, '2012-04-13 17:17:26', '2012-04-13 17:17:26');
INSERT INTO `invites` VALUES(150, 32, 14, 1, '2012-04-20 09:40:15', '2012-04-20 09:40:15');
INSERT INTO `invites` VALUES(151, 32, 16, 1, '2012-04-20 09:40:15', '2012-04-20 09:40:15');
INSERT INTO `invites` VALUES(152, 32, 17, 1, '2012-04-20 09:40:15', '2012-04-20 09:40:15');
INSERT INTO `invites` VALUES(153, 32, 18, 1, '2012-04-20 09:40:15', '2012-04-20 09:40:15');
INSERT INTO `invites` VALUES(154, 32, 19, 1, '2012-04-20 09:40:15', '2012-04-20 09:40:15');
INSERT INTO `invites` VALUES(155, 32, 20, 1, '2012-04-20 09:40:15', '2012-04-20 09:40:15');
INSERT INTO `invites` VALUES(156, 32, 21, 1, '2012-04-20 09:40:15', '2012-04-20 09:40:15');
INSERT INTO `invites` VALUES(157, 32, 22, 1, '2012-04-20 09:40:15', '2012-04-20 09:40:15');
INSERT INTO `invites` VALUES(158, 32, 24, 0, '2012-04-20 09:40:15', '2012-04-20 09:40:15');
INSERT INTO `invites` VALUES(159, 32, 25, 1, '2012-04-20 09:40:15', '2012-04-20 09:40:15');
INSERT INTO `invites` VALUES(160, 32, 15, 1, '2012-04-22 07:22:40', '2012-04-22 07:22:40');
INSERT INTO `invites` VALUES(161, 33, 14, 1, '2012-04-27 15:06:31', '2012-04-27 15:06:31');
INSERT INTO `invites` VALUES(162, 33, 16, 0, '2012-04-27 15:06:31', '2012-04-27 15:06:31');
INSERT INTO `invites` VALUES(163, 33, 18, 1, '2012-04-27 15:06:31', '2012-04-27 15:06:31');
INSERT INTO `invites` VALUES(164, 33, 19, 1, '2012-04-27 15:06:31', '2012-04-27 15:06:31');
INSERT INTO `invites` VALUES(165, 33, 20, 0, '2012-04-27 15:06:31', '2012-04-27 15:06:31');
INSERT INTO `invites` VALUES(166, 33, 21, 0, '2012-04-27 15:06:31', '2012-04-27 15:06:31');
INSERT INTO `invites` VALUES(167, 33, 22, 1, '2012-04-27 15:06:31', '2012-04-27 15:06:31');
INSERT INTO `invites` VALUES(168, 33, 24, 0, '2012-04-27 15:06:31', '2012-04-27 15:06:31');
INSERT INTO `invites` VALUES(169, 33, 25, 1, '2012-04-27 15:06:31', '2012-04-27 15:06:31');
INSERT INTO `invites` VALUES(170, 33, 17, 1, '2012-04-27 15:06:31', '2012-04-27 15:06:31');
INSERT INTO `invites` VALUES(171, 33, 15, 1, '2012-04-27 15:06:31', '2012-04-27 15:06:31');
INSERT INTO `invites` VALUES(172, 33, 23, 1, '2012-04-28 14:49:10', '2012-04-28 14:49:10');
INSERT INTO `invites` VALUES(173, 33, 34, 1, '2012-04-28 14:49:10', '2012-04-28 14:49:10');
INSERT INTO `invites` VALUES(174, 33, 30, 0, '2012-04-29 08:38:23', '2012-04-29 08:38:23');
INSERT INTO `invites` VALUES(175, 33, 35, 1, '2012-04-29 09:37:46', '2012-04-29 09:37:46');
INSERT INTO `invites` VALUES(176, 34, 14, 1, '2012-05-05 07:37:52', '2012-05-05 07:37:52');
INSERT INTO `invites` VALUES(177, 34, 16, 1, '2012-05-05 07:37:52', '2012-05-05 07:37:52');
INSERT INTO `invites` VALUES(178, 34, 18, 1, '2012-05-05 07:37:52', '2012-05-05 07:37:52');
INSERT INTO `invites` VALUES(179, 34, 19, 1, '2012-05-05 07:37:52', '2012-05-05 07:37:52');
INSERT INTO `invites` VALUES(180, 34, 21, 1, '2012-05-05 07:37:52', '2012-05-05 07:37:52');
INSERT INTO `invites` VALUES(181, 34, 22, 1, '2012-05-05 07:37:52', '2012-05-05 07:37:52');
INSERT INTO `invites` VALUES(182, 34, 24, 1, '2012-05-05 07:37:52', '2012-05-05 07:37:52');
INSERT INTO `invites` VALUES(183, 34, 17, 1, '2012-05-05 07:37:52', '2012-05-05 07:37:52');
INSERT INTO `invites` VALUES(184, 34, 15, 1, '2012-05-05 07:37:52', '2012-05-05 07:37:52');
INSERT INTO `invites` VALUES(185, 34, 23, 1, '2012-05-05 07:37:52', '2012-05-05 07:37:52');
INSERT INTO `invites` VALUES(186, 35, 14, 1, '2012-05-11 16:39:16', '2012-05-11 16:39:16');
INSERT INTO `invites` VALUES(187, 35, 16, 1, '2012-05-11 16:39:16', '2012-05-11 16:39:16');
INSERT INTO `invites` VALUES(188, 35, 18, 1, '2012-05-11 16:39:16', '2012-05-11 16:39:16');
INSERT INTO `invites` VALUES(189, 35, 19, 0, '2012-05-11 16:39:16', '2012-05-11 16:39:16');
INSERT INTO `invites` VALUES(190, 35, 20, 1, '2012-05-11 16:39:16', '2012-05-11 16:39:16');
INSERT INTO `invites` VALUES(191, 35, 21, 1, '2012-05-11 16:39:16', '2012-05-11 16:39:16');
INSERT INTO `invites` VALUES(192, 35, 22, 1, '2012-05-11 16:39:16', '2012-05-11 16:39:16');
INSERT INTO `invites` VALUES(193, 35, 24, 1, '2012-05-11 16:39:16', '2012-05-11 16:39:16');
INSERT INTO `invites` VALUES(194, 35, 25, 1, '2012-05-11 16:39:16', '2012-05-11 16:39:16');
INSERT INTO `invites` VALUES(195, 35, 17, 0, '2012-05-11 16:39:16', '2012-05-11 16:39:16');
INSERT INTO `invites` VALUES(196, 35, 15, 1, '2012-05-12 11:39:27', '2012-05-12 11:39:27');
INSERT INTO `invites` VALUES(197, 35, 23, 1, '2012-05-12 21:31:39', '2012-05-12 21:31:39');
INSERT INTO `invites` VALUES(198, 36, 14, NULL, '2012-05-15 21:37:44', '2012-05-15 21:37:44');
INSERT INTO `invites` VALUES(199, 36, 16, NULL, '2012-05-15 21:37:44', '2012-05-15 21:37:44');
INSERT INTO `invites` VALUES(200, 36, 18, NULL, '2012-05-15 21:37:44', '2012-05-15 21:37:44');
INSERT INTO `invites` VALUES(201, 36, 19, NULL, '2012-05-15 21:37:44', '2012-05-15 21:37:44');
INSERT INTO `invites` VALUES(202, 36, 20, NULL, '2012-05-15 21:37:44', '2012-05-15 21:37:44');
INSERT INTO `invites` VALUES(203, 36, 21, NULL, '2012-05-15 21:37:44', '2012-05-15 21:37:44');
INSERT INTO `invites` VALUES(204, 36, 22, NULL, '2012-05-15 21:37:44', '2012-05-15 21:37:44');
INSERT INTO `invites` VALUES(205, 36, 24, NULL, '2012-05-15 21:37:44', '2012-05-15 21:37:44');
INSERT INTO `invites` VALUES(206, 36, 25, NULL, '2012-05-15 21:37:44', '2012-05-15 21:37:44');
INSERT INTO `invites` VALUES(207, 36, 17, NULL, '2012-05-15 21:37:44', '2012-05-15 21:37:44');

-- --------------------------------------------------------

--
-- Table structure for table `players`
--

CREATE TABLE `players` (
  `id` int(11) unsigned NOT NULL AUTO_INCREMENT,
  `nome` text CHARACTER SET latin1 COLLATE latin1_spanish_ci NOT NULL,
  `email` text,
  `conv` int(11) NOT NULL,
  `presencas` int(11) NOT NULL,
  `rating` float NOT NULL,
  `ratingElo` int(11) NOT NULL,
  `vitorias` int(11) NOT NULL,
  `vit_pre` float NOT NULL,
  `golos` int(11) NOT NULL,
  `golos_p_jogo` float NOT NULL,
  `equipa_m` int(6) NOT NULL,
  `equipa_m_p_jogo` float NOT NULL,
  `equipa_s` int(6) NOT NULL,
  `equipa_s_p_jogo` float NOT NULL,
  `adjust` tinyint(4) DEFAULT NULL,
  `created` datetime NOT NULL,
  `modified` datetime NOT NULL,
  PRIMARY KEY (`id`)
) ENGINE=InnoDB  DEFAULT CHARSET=latin1 AUTO_INCREMENT=36 ;

--
-- Dumping data for table `players`
--

INSERT INTO `players` VALUES(14, 'Peej', 'pedrorodrigues@gmail.com', 1, 15, 442, 1027, 7, 0.467, 16, 1.33, 112, 9.33, 123, 10.25, 3, '2012-02-24 01:46:18', '2012-05-15 21:39:39');
INSERT INTO `players` VALUES(15, 'André', 'asgomes@gmail.com', 11, 14, 698, 1768, 10, 0.714, 26, 2.36, 115, 10.45, 95, 8.64, 3, '2012-02-24 01:46:31', '2012-05-15 21:39:39');
INSERT INTO `players` VALUES(16, 'Vitorino', 'joaovitorino@msn.com', 2, 13, 689, 1661, 8, 0.615, 33, 3.3, 115, 11.5, 87, 8.7, 3, '2012-02-24 01:46:43', '2012-05-15 21:39:39');
INSERT INTO `players` VALUES(17, 'Vazantes', 'vaz.joao@gmail.com', 10, 9, 583, 1263, 4, 0.444, 29, 3.63, 90, 11.25, 81, 10.13, 1, '2012-02-24 01:46:58', '2012-05-15 21:39:39');
INSERT INTO `players` VALUES(18, 'Ricardo', 'ricardobelo@gmail.com', 3, 12, 506, 1114, 6, 0.5, 19, 1.9, 85, 8.5, 92, 9.2, 2, '2012-02-24 01:47:08', '2012-05-15 21:39:39');
INSERT INTO `players` VALUES(19, 'Fresco', 'joaosantos@gmail.com', 4, 12, 465, 917, 6, 0.5, 13, 1.3, 99, 9.9, 99, 9.9, 2, '2012-02-24 01:47:21', '2012-05-15 21:39:39');
INSERT INTO `players` VALUES(20, 'Far', 'mail@joaofarinha.eu', 5, 12, 473, 902, 5, 0.417, 21, 2.33, 90, 10, 92, 10.22, 3, '2012-02-24 01:47:37', '2012-05-15 21:39:39');
INSERT INTO `players` VALUES(21, 'Barroso', 'pedbar@gmail.com', 6, 13, 633, 1653, 8, 0.615, 25, 2.5, 103, 10.3, 102, 10.2, 3, '2012-02-24 01:47:45', '2012-05-15 21:39:39');
INSERT INTO `players` VALUES(22, 'Anselmo', 'anselmomanel@hotmail.com', 7, 14, 384, 887, 6, 0.429, 10, 0.91, 104, 9.45, 108, 9.82, 3, '2012-02-24 01:48:03', '2012-05-15 21:39:39');
INSERT INTO `players` VALUES(23, 'Bruno G.', 'bsmogues@hotmail.com', 13, 9, 358, 918, 3, 0.333, 11, 1.57, 66, 9.43, 73, 10.43, 2, '2012-02-24 01:48:21', '2012-05-15 21:39:39');
INSERT INTO `players` VALUES(24, 'Nunão', 'nmldfrancisco@gmail.com', 8, 7, 297, 963, 2, 0.286, 6, 1.2, 40, 8, 52, 10.4, 2, '2012-02-24 01:48:32', '2012-05-15 21:39:39');
INSERT INTO `players` VALUES(25, 'Louie', 'luismgpereira@gmail.com', 9, 9, 341, 1139, 3, 0.333, 12, 1.33, 77, 8.56, 85, 9.44, NULL, '2012-02-24 01:49:04', '2012-05-15 21:39:39');
INSERT INTO `players` VALUES(28, 'Nuno A.', NULL, 16, 1, 450, 1282, 1, 0.6, 0, 0, 0, 0, 0, 0, 1, '2012-02-24 01:49:53', '2012-05-15 21:39:39');
INSERT INTO `players` VALUES(30, 'Afonso', 'afonso.lc@gmail.com', 12, 4, 616, 1101, 2, 0.5, 7, 3.5, 20, 10, 30, 15, 2, '2012-02-24 01:50:15', '2012-05-15 21:39:39');
INSERT INTO `players` VALUES(31, 'MDK', 'bruno.pires@gmail.com', 19, 1, 588, 1334, 1, 0.6, 2, 2, 14, 14, 9, 9, NULL, '2012-02-24 01:50:23', '2012-05-15 21:39:39');
INSERT INTO `players` VALUES(32, 'Rui', 'rui_agapito@hotmail.com', 18, 1, 519, 1400, 1, 0.6, 1, 1, 10, 10, 8, 8, NULL, '2012-03-05 02:42:43', '2012-05-15 21:39:39');
INSERT INTO `players` VALUES(33, 'Diogo (G.)', NULL, 20, 1, 369, 1066, 0, 0.4, 1, 1, 9, 9, 14, 14, NULL, '2012-04-08 00:00:00', '2012-05-15 21:39:39');
INSERT INTO `players` VALUES(34, 'Lobão', 'luis.lobao@gmail.com', 21, 2, 559, 1205, 2, 0.7, 1, 0.5, 20, 10, 16, 8, NULL, '2012-04-13 17:04:32', '2012-05-15 21:39:39');
INSERT INTO `players` VALUES(35, 'Roque', NULL, 22, 1, 438, 0, 0, 0.4, 2, 2, 6, 6, 9, 9, NULL, '2012-04-29 09:37:33', '2012-05-15 21:39:39');

-- --------------------------------------------------------

--
-- Table structure for table `players_teams`
--

CREATE TABLE `players_teams` (
  `id` int(11) NOT NULL AUTO_INCREMENT,
  `player_id` int(11) NOT NULL,
  `team_id` int(11) NOT NULL,
  PRIMARY KEY (`id`)
) ENGINE=InnoDB  DEFAULT CHARSET=latin1 AUTO_INCREMENT=224 ;

--
-- Dumping data for table `players_teams`
--

INSERT INTO `players_teams` VALUES(47, 14, 5);
INSERT INTO `players_teams` VALUES(48, 15, 5);
INSERT INTO `players_teams` VALUES(49, 17, 5);
INSERT INTO `players_teams` VALUES(50, 18, 5);
INSERT INTO `players_teams` VALUES(51, 21, 5);
INSERT INTO `players_teams` VALUES(52, 16, 6);
INSERT INTO `players_teams` VALUES(53, 20, 6);
INSERT INTO `players_teams` VALUES(54, 22, 6);
INSERT INTO `players_teams` VALUES(55, 23, 6);
INSERT INTO `players_teams` VALUES(56, 24, 6);
INSERT INTO `players_teams` VALUES(57, 14, 7);
INSERT INTO `players_teams` VALUES(58, 15, 7);
INSERT INTO `players_teams` VALUES(59, 20, 7);
INSERT INTO `players_teams` VALUES(60, 21, 7);
INSERT INTO `players_teams` VALUES(61, 30, 7);
INSERT INTO `players_teams` VALUES(62, 16, 8);
INSERT INTO `players_teams` VALUES(63, 18, 8);
INSERT INTO `players_teams` VALUES(64, 19, 8);
INSERT INTO `players_teams` VALUES(65, 22, 8);
INSERT INTO `players_teams` VALUES(66, 24, 8);
INSERT INTO `players_teams` VALUES(72, 14, 10);
INSERT INTO `players_teams` VALUES(73, 16, 10);
INSERT INTO `players_teams` VALUES(74, 19, 10);
INSERT INTO `players_teams` VALUES(75, 20, 10);
INSERT INTO `players_teams` VALUES(76, 23, 10);
INSERT INTO `players_teams` VALUES(77, 14, 11);
INSERT INTO `players_teams` VALUES(78, 18, 11);
INSERT INTO `players_teams` VALUES(79, 19, 11);
INSERT INTO `players_teams` VALUES(80, 23, 11);
INSERT INTO `players_teams` VALUES(81, 32, 11);
INSERT INTO `players_teams` VALUES(82, 15, 12);
INSERT INTO `players_teams` VALUES(83, 20, 12);
INSERT INTO `players_teams` VALUES(84, 21, 12);
INSERT INTO `players_teams` VALUES(85, 22, 12);
INSERT INTO `players_teams` VALUES(86, 25, 12);
INSERT INTO `players_teams` VALUES(87, 14, 13);
INSERT INTO `players_teams` VALUES(88, 16, 13);
INSERT INTO `players_teams` VALUES(89, 19, 13);
INSERT INTO `players_teams` VALUES(90, 20, 13);
INSERT INTO `players_teams` VALUES(91, 23, 13);
INSERT INTO `players_teams` VALUES(92, 15, 14);
INSERT INTO `players_teams` VALUES(93, 18, 14);
INSERT INTO `players_teams` VALUES(94, 21, 14);
INSERT INTO `players_teams` VALUES(95, 22, 14);
INSERT INTO `players_teams` VALUES(96, 25, 14);
INSERT INTO `players_teams` VALUES(97, 15, 30);
INSERT INTO `players_teams` VALUES(98, 16, 30);
INSERT INTO `players_teams` VALUES(99, 17, 30);
INSERT INTO `players_teams` VALUES(100, 20, 30);
INSERT INTO `players_teams` VALUES(101, 22, 30);
INSERT INTO `players_teams` VALUES(102, 14, 31);
INSERT INTO `players_teams` VALUES(103, 18, 31);
INSERT INTO `players_teams` VALUES(104, 19, 31);
INSERT INTO `players_teams` VALUES(105, 25, 31);
INSERT INTO `players_teams` VALUES(106, 30, 31);
INSERT INTO `players_teams` VALUES(107, 15, 9);
INSERT INTO `players_teams` VALUES(108, 21, 9);
INSERT INTO `players_teams` VALUES(109, 22, 9);
INSERT INTO `players_teams` VALUES(110, 28, 9);
INSERT INTO `players_teams` VALUES(111, 30, 9);
INSERT INTO `players_teams` VALUES(132, 15, 32);
INSERT INTO `players_teams` VALUES(133, 21, 32);
INSERT INTO `players_teams` VALUES(134, 20, 32);
INSERT INTO `players_teams` VALUES(135, 16, 32);
INSERT INTO `players_teams` VALUES(136, 19, 32);
INSERT INTO `players_teams` VALUES(137, 22, 33);
INSERT INTO `players_teams` VALUES(138, 30, 33);
INSERT INTO `players_teams` VALUES(139, 17, 33);
INSERT INTO `players_teams` VALUES(140, 23, 33);
INSERT INTO `players_teams` VALUES(141, 14, 33);
INSERT INTO `players_teams` VALUES(142, 21, 34);
INSERT INTO `players_teams` VALUES(143, 16, 34);
INSERT INTO `players_teams` VALUES(144, 18, 34);
INSERT INTO `players_teams` VALUES(145, 19, 34);
INSERT INTO `players_teams` VALUES(146, 14, 34);
INSERT INTO `players_teams` VALUES(147, 20, 35);
INSERT INTO `players_teams` VALUES(148, 22, 35);
INSERT INTO `players_teams` VALUES(149, 24, 35);
INSERT INTO `players_teams` VALUES(150, 17, 35);
INSERT INTO `players_teams` VALUES(151, 25, 35);
INSERT INTO `players_teams` VALUES(152, 21, 38);
INSERT INTO `players_teams` VALUES(153, 20, 38);
INSERT INTO `players_teams` VALUES(154, 22, 38);
INSERT INTO `players_teams` VALUES(155, 14, 38);
INSERT INTO `players_teams` VALUES(156, 25, 38);
INSERT INTO `players_teams` VALUES(157, 15, 39);
INSERT INTO `players_teams` VALUES(158, 16, 39);
INSERT INTO `players_teams` VALUES(159, 18, 39);
INSERT INTO `players_teams` VALUES(160, 19, 39);
INSERT INTO `players_teams` VALUES(161, 24, 39);
INSERT INTO `players_teams` VALUES(162, 15, 40);
INSERT INTO `players_teams` VALUES(163, 20, 40);
INSERT INTO `players_teams` VALUES(164, 31, 41);
INSERT INTO `players_teams` VALUES(165, 23, 40);
INSERT INTO `players_teams` VALUES(166, 14, 40);
INSERT INTO `players_teams` VALUES(167, 21, 41);
INSERT INTO `players_teams` VALUES(168, 16, 41);
INSERT INTO `players_teams` VALUES(169, 33, 40);
INSERT INTO `players_teams` VALUES(170, 17, 41);
INSERT INTO `players_teams` VALUES(171, 25, 41);
INSERT INTO `players_teams` VALUES(172, 16, 42);
INSERT INTO `players_teams` VALUES(173, 18, 42);
INSERT INTO `players_teams` VALUES(174, 17, 42);
INSERT INTO `players_teams` VALUES(175, 24, 42);
INSERT INTO `players_teams` VALUES(176, 22, 42);
INSERT INTO `players_teams` VALUES(177, 21, 43);
INSERT INTO `players_teams` VALUES(178, 15, 43);
INSERT INTO `players_teams` VALUES(179, 34, 43);
INSERT INTO `players_teams` VALUES(180, 19, 43);
INSERT INTO `players_teams` VALUES(181, 14, 43);
INSERT INTO `players_teams` VALUES(182, 21, 44);
INSERT INTO `players_teams` VALUES(183, 18, 44);
INSERT INTO `players_teams` VALUES(184, 20, 44);
INSERT INTO `players_teams` VALUES(185, 19, 44);
INSERT INTO `players_teams` VALUES(186, 22, 44);
INSERT INTO `players_teams` VALUES(187, 16, 45);
INSERT INTO `players_teams` VALUES(188, 15, 45);
INSERT INTO `players_teams` VALUES(189, 17, 45);
INSERT INTO `players_teams` VALUES(190, 14, 45);
INSERT INTO `players_teams` VALUES(191, 25, 45);
INSERT INTO `players_teams` VALUES(192, 17, 46);
INSERT INTO `players_teams` VALUES(193, 34, 46);
INSERT INTO `players_teams` VALUES(194, 18, 46);
INSERT INTO `players_teams` VALUES(195, 19, 46);
INSERT INTO `players_teams` VALUES(196, 14, 46);
INSERT INTO `players_teams` VALUES(197, 15, 47);
INSERT INTO `players_teams` VALUES(198, 35, 47);
INSERT INTO `players_teams` VALUES(199, 25, 47);
INSERT INTO `players_teams` VALUES(200, 23, 47);
INSERT INTO `players_teams` VALUES(201, 22, 47);
INSERT INTO `players_teams` VALUES(202, 16, 48);
INSERT INTO `players_teams` VALUES(203, 17, 48);
INSERT INTO `players_teams` VALUES(204, 19, 48);
INSERT INTO `players_teams` VALUES(205, 24, 48);
INSERT INTO `players_teams` VALUES(206, 23, 48);
INSERT INTO `players_teams` VALUES(207, 21, 49);
INSERT INTO `players_teams` VALUES(208, 15, 49);
INSERT INTO `players_teams` VALUES(209, 18, 49);
INSERT INTO `players_teams` VALUES(210, 14, 49);
INSERT INTO `players_teams` VALUES(211, 22, 49);
INSERT INTO `players_teams` VALUES(212, 21, 50);
INSERT INTO `players_teams` VALUES(213, 18, 50);
INSERT INTO `players_teams` VALUES(214, 14, 50);
INSERT INTO `players_teams` VALUES(215, 25, 50);
INSERT INTO `players_teams` VALUES(216, 24, 50);
INSERT INTO `players_teams` VALUES(217, 15, 51);
INSERT INTO `players_teams` VALUES(218, 16, 51);
INSERT INTO `players_teams` VALUES(219, 20, 51);
INSERT INTO `players_teams` VALUES(220, 22, 51);
INSERT INTO `players_teams` VALUES(221, 23, 51);

-- --------------------------------------------------------

--
-- Table structure for table `teams`
--

CREATE TABLE `teams` (
  `id` int(10) unsigned NOT NULL AUTO_INCREMENT,
  `game_id` int(11) unsigned NOT NULL,
  `winner` tinyint(4) DEFAULT NULL,
  `golos` int(11) NOT NULL,
  `created` datetime NOT NULL,
  `modified` datetime NOT NULL,
  PRIMARY KEY (`id`)
) ENGINE=InnoDB  DEFAULT CHARSET=latin1 AUTO_INCREMENT=54 ;

--
-- Dumping data for table `teams`
--

INSERT INTO `teams` VALUES(5, 8, 0, 0, '2012-02-24 01:53:59', '2012-03-05 02:34:35');
INSERT INTO `teams` VALUES(6, 8, 1, 1, '2012-02-24 01:54:32', '2012-03-05 02:34:52');
INSERT INTO `teams` VALUES(7, 9, 1, 1, '2012-02-24 02:07:07', '2012-03-05 02:35:07');
INSERT INTO `teams` VALUES(8, 9, 0, 0, '2012-02-24 02:07:34', '2012-03-05 02:35:14');
INSERT INTO `teams` VALUES(9, 10, 1, 1, '2012-02-24 02:08:20', '2012-03-17 01:51:42');
INSERT INTO `teams` VALUES(10, 10, 0, 0, '2012-02-24 02:08:43', '2012-03-05 02:41:06');
INSERT INTO `teams` VALUES(11, 11, 1, 10, '2012-03-05 02:44:56', '2012-03-05 02:44:56');
INSERT INTO `teams` VALUES(12, 11, 0, 8, '2012-03-05 02:45:39', '2012-03-05 02:45:39');
INSERT INTO `teams` VALUES(13, 23, 0, 7, '2012-03-05 02:55:38', '2012-03-05 02:55:38');
INSERT INTO `teams` VALUES(14, 23, 1, 10, '2012-03-05 02:56:10', '2012-03-05 02:56:10');
INSERT INTO `teams` VALUES(30, 24, 1, 10, '2012-03-16 04:42:18', '2012-03-16 20:02:40');
INSERT INTO `teams` VALUES(31, 24, 0, 5, '2012-03-16 04:42:18', '2012-03-16 20:03:14');
INSERT INTO `teams` VALUES(32, 25, 1, 20, '2012-03-16 20:12:37', '2012-03-16 20:12:37');
INSERT INTO `teams` VALUES(33, 25, 0, 15, '2012-03-16 20:12:37', '2012-03-16 20:12:37');
INSERT INTO `teams` VALUES(34, 26, 1, 14, '2012-03-25 16:23:50', '2012-03-25 16:23:50');
INSERT INTO `teams` VALUES(35, 26, 0, 11, '2012-03-25 16:23:50', '2012-03-25 16:23:50');
INSERT INTO `teams` VALUES(38, 29, 0, 7, '2012-03-26 04:47:06', '2012-04-01 15:49:07');
INSERT INTO `teams` VALUES(39, 29, 1, 8, '2012-03-26 04:47:06', '2012-04-01 15:49:07');
INSERT INTO `teams` VALUES(40, 30, 0, 9, '2012-04-06 12:17:45', '2012-04-10 23:16:31');
INSERT INTO `teams` VALUES(41, 30, 1, 14, '2012-04-06 12:17:45', '2012-04-10 23:16:31');
INSERT INTO `teams` VALUES(42, 31, 0, 10, '2012-04-13 10:45:48', '2012-04-15 15:29:07');
INSERT INTO `teams` VALUES(43, 31, 1, 11, '2012-04-13 10:45:48', '2012-04-15 15:29:07');
INSERT INTO `teams` VALUES(44, 32, 0, 7, '2012-04-20 09:40:39', '2012-04-22 15:02:38');
INSERT INTO `teams` VALUES(45, 32, 1, 13, '2012-04-20 09:40:39', '2012-04-22 15:02:38');
INSERT INTO `teams` VALUES(46, 33, 1, 9, '2012-04-27 15:06:34', '2012-04-29 15:09:06');
INSERT INTO `teams` VALUES(47, 33, 0, 6, '2012-04-27 15:06:34', '2012-04-29 15:09:06');
INSERT INTO `teams` VALUES(48, 34, 0, 8, '2012-05-05 07:37:55', '2012-05-06 14:05:47');
INSERT INTO `teams` VALUES(49, 34, 1, 9, '2012-05-05 07:37:55', '2012-05-06 14:05:47');
INSERT INTO `teams` VALUES(50, 35, 0, 3, '2012-05-11 16:39:20', '2012-05-13 14:54:28');
INSERT INTO `teams` VALUES(51, 35, 1, 11, '2012-05-11 16:39:20', '2012-05-13 14:54:28');
INSERT INTO `teams` VALUES(52, 36, NULL, 0, '2012-05-15 21:37:46', '2012-05-15 21:37:46');
INSERT INTO `teams` VALUES(53, 36, NULL, 0, '2012-05-15 21:37:46', '2012-05-15 21:37:46');
