-- phpMyAdmin SQL Dump
-- version 3.4.10.1
-- http://www.phpmyadmin.net
--
-- Host: localhost
-- Generation Time: Nov 19, 2012 at 11:03 AM
-- Server version: 5.5.23
-- PHP Version: 5.2.17

SET SQL_MODE="NO_AUTO_VALUE_ON_ZERO";
SET time_zone = "+00:00";


/*!40101 SET @OLD_CHARACTER_SET_CLIENT=@@CHARACTER_SET_CLIENT */;
/*!40101 SET @OLD_CHARACTER_SET_RESULTS=@@CHARACTER_SET_RESULTS */;
/*!40101 SET @OLD_COLLATION_CONNECTION=@@COLLATION_CONNECTION */;
/*!40101 SET NAMES utf8 */;

--
-- Database: `joaofar_lazysunday`
--

-- --------------------------------------------------------

--
-- Table structure for table `games`
--

CREATE TABLE IF NOT EXISTS `games` (
  `id` int(11) unsigned NOT NULL AUTO_INCREMENT,
  `data` datetime NOT NULL,
  `resultado` text NOT NULL,
  `estado` text NOT NULL,
  `created` datetime NOT NULL,
  `modified` datetime NOT NULL,
  PRIMARY KEY (`id`)
) ENGINE=InnoDB  DEFAULT CHARSET=latin1 AUTO_INCREMENT=60 ;

--
-- Dumping data for table `games`
--

INSERT INTO `games` (`id`, `data`, `resultado`, `estado`, `created`, `modified`) VALUES
(11, '2012-02-26 18:30:00', '10-8', '2', '2012-02-24 02:02:53', '2012-03-05 02:46:46'),
(23, '2012-03-04 18:30:00', '7-10', '2', '2012-03-05 02:47:50', '2012-03-05 02:48:31'),
(24, '2012-03-11 18:30:00', '10-5', '2', '2012-03-05 03:17:55', '2012-03-05 03:18:13'),
(25, '2012-03-18 18:30:00', '20-15', '2', '2012-03-16 20:00:54', '2012-03-25 15:25:20'),
(26, '2012-03-25 18:30:00', '14-11', '2', '2012-03-25 16:23:40', '2012-03-25 21:52:54'),
(29, '2012-04-01 18:30:00', '7-8', '2', '2012-03-26 04:47:02', '2012-04-01 15:49:07'),
(30, '2012-04-08 18:30:00', '9-14', '2', '2012-04-06 12:17:34', '2012-04-10 23:16:31'),
(31, '2012-04-15 18:30:00', '10-11', '2', '2012-04-13 10:45:42', '2012-04-15 15:29:07'),
(32, '2012-04-22 18:30:00', '7-13', '2', '2012-04-20 09:40:15', '2012-04-22 15:02:38'),
(33, '2012-04-29 18:30:00', '9-6', '2', '2012-04-27 15:06:31', '2012-04-29 15:09:06'),
(34, '2012-05-06 18:30:00', '8-9', '2', '2012-05-05 07:37:52', '2012-05-06 14:05:47'),
(35, '2012-05-13 18:30:00', '3-11', '2', '2012-05-11 16:39:16', '2012-05-13 14:54:28'),
(36, '2012-05-27 18:30:00', '9-14', '2', '2012-05-19 11:45:20', '2012-05-27 15:03:46'),
(37, '2012-06-03 18:30:00', '6-7', '2', '2012-06-01 18:41:33', '2012-06-04 08:43:19'),
(38, '2012-06-10 18:30:00', '6-11', '2', '2012-06-09 11:31:29', '2012-06-11 08:03:34'),
(39, '2012-06-17 16:30:00', '7-5', '2', '2012-06-15 09:10:38', '2012-06-17 12:42:26'),
(40, '2012-06-24 18:30:00', '13-12', '2', '2012-06-23 15:55:31', '2012-06-28 17:38:42'),
(41, '2012-07-01 18:30:00', '12-9', '2', '2012-06-29 21:55:08', '2012-07-01 15:41:19'),
(43, '2012-07-22 18:30:00', '10-9', '2', '2012-07-21 14:19:20', '2012-07-22 14:19:23'),
(44, '2012-07-29 18:30:00', '4-6', '2', '2012-07-27 09:41:56', '2012-07-29 15:48:56'),
(45, '2012-08-05 18:30:00', '13-7', '2', '2012-08-04 11:45:18', '2012-08-06 09:36:27'),
(46, '2012-08-12 18:30:00', '7-12', '2', '2012-08-11 12:23:19', '2012-08-12 15:17:16'),
(47, '2012-08-19 18:30:00', '8-7', '2', '2012-08-18 12:21:02', '2012-08-19 15:35:09'),
(48, '2012-08-26 18:30:00', '4-14', '2', '2012-08-25 12:36:55', '2012-08-26 14:30:56'),
(49, '2012-09-02 18:30:00', '9-5', '2', '2012-08-31 11:14:17', '2012-09-02 15:02:08'),
(50, '2012-09-09 18:30:00', '14-6', '2', '2012-09-08 12:17:21', '2012-09-09 14:39:54'),
(51, '2012-09-16 18:30:00', '7-5', '2', '2012-09-15 10:42:01', '2012-09-16 15:05:20'),
(52, '2012-09-23 18:30:00', '14-13', '2', '2012-09-22 11:36:42', '2012-09-23 16:11:38'),
(53, '2012-09-30 18:30:00', '9-14', '2', '2012-09-29 10:26:43', '2012-09-30 15:25:42'),
(54, '2012-10-07 18:30:00', '14-10', '2', '2012-10-06 01:02:13', '2012-10-07 21:26:17'),
(55, '2012-10-14 18:30:00', '8-11', '2', '2012-10-13 09:24:02', '2012-10-21 14:54:33'),
(56, '2012-10-28 18:30:00', '5-11', '2', '2012-10-26 15:42:21', '2012-10-28 16:21:13'),
(57, '2012-11-04 18:30:00', '10-8', '2', '2012-11-03 13:14:19', '2012-11-04 21:52:02'),
(58, '2012-11-11 17:30:00', '17-7', '2', '2012-11-09 11:43:19', '2012-11-11 20:27:17'),
(59, '2012-11-18 18:30:00', '14-3', '2', '2012-11-14 09:47:48', '2012-11-18 15:08:48');

-- --------------------------------------------------------

--
-- Table structure for table `goals`
--

CREATE TABLE IF NOT EXISTS `goals` (
  `id` int(10) unsigned NOT NULL AUTO_INCREMENT,
  `player_id` int(10) unsigned NOT NULL,
  `game_id` int(10) unsigned NOT NULL,
  `team_id` int(11) NOT NULL,
  `assistencias` int(11) NOT NULL,
  `player_points` int(11) NOT NULL,
  `golos` int(11) NOT NULL,
  PRIMARY KEY (`id`)
) ENGINE=InnoDB  DEFAULT CHARSET=latin1 AUTO_INCREMENT=407 ;

--
-- Dumping data for table `goals`
--

INSERT INTO `goals` (`id`, `player_id`, `game_id`, `team_id`, `assistencias`, `player_points`, `golos`) VALUES
(16, 32, 11, 11, 0, 486, 1),
(17, 14, 11, 11, 0, 486, 1),
(18, 19, 11, 11, 0, 625, 3),
(19, 18, 11, 11, 0, 625, 3),
(20, 23, 11, 11, 0, 556, 2),
(21, 21, 11, 12, 0, 472, 2),
(22, 15, 11, 12, 0, 542, 3),
(23, 20, 11, 12, 0, 542, 3),
(24, 25, 11, 12, 0, 333, 0),
(25, 22, 11, 12, 0, 333, 0),
(26, 16, 23, 13, 0, 456, 2),
(27, 14, 23, 13, 0, 309, 0),
(28, 19, 23, 13, 0, 456, 2),
(29, 20, 23, 13, 0, 456, 2),
(30, 23, 23, 13, 0, 382, 1),
(31, 21, 23, 14, 0, 809, 5),
(32, 15, 23, 14, 0, 515, 1),
(33, 18, 23, 14, 0, 588, 2),
(34, 25, 23, 14, 0, 588, 2),
(35, 22, 23, 14, 0, 441, 0),
(36, 14, 24, 31, 0, 333, 1),
(37, 15, 24, 30, 0, 750, 3),
(38, 16, 24, 30, 0, 500, 0),
(39, 17, 24, 30, 0, 750, 3),
(40, 18, 24, 31, 0, 333, 1),
(41, 19, 24, 31, 0, 250, 0),
(42, 20, 24, 30, 0, 750, 3),
(43, 22, 24, 30, 0, 583, 1),
(44, 25, 24, 31, 0, 500, 3),
(45, 30, 24, 31, 0, 250, 0),
(66, 15, 25, 32, 0, 571, 4),
(67, 21, 25, 32, 0, 643, 6),
(68, 20, 25, 32, 0, 571, 4),
(69, 16, 25, 32, 0, 643, 6),
(70, 19, 25, 32, 0, 429, 0),
(71, 22, 25, 33, 0, 321, 0),
(72, 30, 25, 33, 0, 571, 7),
(73, 17, 25, 33, 0, 429, 3),
(74, 23, 25, 33, 0, 429, 3),
(75, 14, 25, 33, 0, 393, 2),
(76, 21, 26, 34, 0, 570, 3),
(77, 16, 26, 34, 0, 720, 6),
(78, 18, 26, 34, 0, 570, 3),
(79, 19, 26, 34, 0, 420, 0),
(80, 14, 26, 34, 0, 520, 2),
(81, 20, 26, 35, 0, 530, 4),
(82, 22, 26, 35, 0, 330, 0),
(83, 24, 26, 35, 0, 380, 1),
(84, 17, 26, 35, 0, 530, 4),
(85, 25, 26, 35, 0, 430, 2),
(86, 21, 29, 38, 0, 433, 1),
(87, 20, 29, 38, 0, 600, 3),
(88, 22, 29, 38, 0, 433, 1),
(89, 14, 29, 38, 0, 350, 0),
(90, 25, 29, 38, 0, 517, 2),
(91, 15, 29, 39, 0, 483, 1),
(92, 16, 29, 39, 0, 567, 2),
(93, 18, 29, 39, 0, 567, 2),
(94, 19, 29, 39, 0, 567, 2),
(95, 24, 29, 39, 0, 483, 1),
(96, 15, 30, 40, 0, 348, 1),
(97, 20, 30, 40, 0, 402, 2),
(98, 23, 30, 40, 0, 457, 3),
(99, 14, 30, 40, 0, 402, 2),
(100, 33, 30, 40, 0, 348, 1),
(101, 31, 30, 41, 0, 565, 2),
(102, 21, 30, 41, 0, 511, 1),
(103, 16, 30, 41, 0, 674, 4),
(104, 17, 30, 41, 0, 783, 6),
(105, 25, 30, 41, 0, 511, 1),
(106, 16, 31, 42, 0, 595, 4),
(107, 18, 31, 42, 0, 417, 1),
(108, 17, 31, 42, 0, 476, 2),
(109, 24, 31, 42, 0, 476, 2),
(110, 22, 31, 42, 0, 417, 1),
(111, 21, 31, 43, 0, 571, 3),
(112, 15, 31, 43, 0, 512, 2),
(113, 34, 31, 43, 0, 452, 1),
(114, 19, 31, 43, 0, 452, 1),
(115, 14, 31, 43, 0, 631, 4),
(116, 21, 32, 44, 0, 388, 2),
(117, 18, 32, 44, 0, 388, 2),
(118, 19, 32, 44, 0, 325, 1),
(119, 22, 32, 44, 0, 388, 2),
(120, 16, 32, 45, 0, 738, 4),
(121, 15, 32, 45, 0, 613, 2),
(122, 17, 32, 45, 0, 800, 5),
(123, 14, 32, 45, 0, 550, 1),
(124, 25, 32, 45, 0, 550, 1),
(125, 20, 32, 44, 0, 263, 0),
(127, 17, 33, 46, 0, 783, 4),
(128, 34, 33, 46, 0, 450, 0),
(129, 18, 33, 46, 0, 617, 2),
(130, 19, 33, 46, 0, 617, 2),
(131, 14, 33, 46, 0, 533, 1),
(132, 15, 33, 47, 0, 467, 2),
(133, 35, 33, 47, 0, 467, 2),
(134, 25, 33, 47, 0, 300, 0),
(135, 23, 33, 47, 0, 383, 1),
(136, 22, 33, 47, 0, 383, 1),
(137, 16, 34, 48, 0, 426, 1),
(138, 17, 34, 48, 0, 500, 2),
(139, 19, 34, 48, 0, 500, 2),
(140, 24, 34, 48, 0, 500, 2),
(141, 23, 34, 48, 0, 426, 1),
(142, 21, 34, 49, 0, 544, 2),
(143, 15, 34, 49, 0, 544, 2),
(144, 18, 34, 49, 0, 544, 2),
(145, 14, 34, 49, 0, 471, 1),
(146, 22, 34, 49, 0, 544, 2),
(147, 21, 35, 50, 0, 161, 0),
(148, 18, 35, 50, 0, 250, 1),
(149, 14, 35, 50, 0, 250, 1),
(150, 25, 35, 50, 0, 250, 1),
(151, 24, 35, 50, 0, 161, 0),
(152, 15, 35, 51, 0, 1036, 5),
(153, 16, 35, 51, 0, 946, 4),
(154, 20, 35, 51, 0, 589, 0),
(155, 22, 35, 51, 0, 768, 2),
(156, 23, 35, 51, 0, 589, 0),
(157, 17, 36, 52, 0, 457, 3),
(158, 30, 36, 52, 0, 402, 2),
(159, 19, 36, 52, 0, 402, 2),
(160, 14, 36, 52, 0, 402, 2),
(161, 23, 36, 52, 0, 293, 0),
(162, 21, 36, 53, 0, 565, 2),
(163, 16, 36, 53, 0, 674, 4),
(164, 18, 36, 53, 0, 620, 3),
(165, 36, 36, 53, 0, 728, 5),
(166, 25, 36, 53, 0, 457, 0),
(167, 15, 37, 54, 0, 442, 1),
(168, 31, 37, 54, 0, 346, 0),
(169, 22, 37, 54, 0, 538, 2),
(170, 18, 37, 54, 0, 635, 3),
(171, 14, 37, 54, 0, 346, 0),
(172, 36, 37, 55, 0, 596, 2),
(173, 21, 37, 55, 0, 500, 1),
(174, 37, 37, 55, 0, 500, 1),
(175, 19, 37, 55, 0, 404, 0),
(176, 17, 37, 55, 0, 692, 3),
(193, 16, 38, 57, 0, 632, 2),
(194, 17, 38, 57, 0, 632, 2),
(195, 23, 38, 57, 0, 779, 4),
(196, 24, 38, 57, 0, 559, 1),
(197, 21, 38, 56, 0, 338, 1),
(198, 15, 38, 56, 0, 485, 3),
(199, 38, 38, 56, 0, 338, 1),
(200, 31, 38, 56, 0, 338, 1),
(201, 14, 38, 56, 0, 265, 0),
(202, 36, 38, 57, 0, 632, 2),
(207, 15, 39, 58, 0, 750, 3),
(208, 21, 39, 58, 0, 542, 1),
(209, 37, 39, 58, 0, 438, 0),
(210, 19, 39, 58, 0, 646, 2),
(211, 25, 39, 58, 0, 542, 1),
(212, 36, 39, 59, 0, 313, 0),
(213, 17, 39, 59, 0, 417, 1),
(214, 23, 39, 59, 0, 521, 2),
(215, 14, 39, 59, 0, 521, 2),
(216, 24, 39, 59, 0, 313, 0),
(217, 21, 40, 60, 0, 590, 4),
(218, 18, 40, 60, 0, 440, 1),
(219, 39, 40, 60, 0, 590, 4),
(220, 31, 40, 60, 0, 490, 2),
(221, 14, 40, 60, 0, 490, 2),
(222, 15, 40, 61, 0, 610, 5),
(223, 17, 40, 61, 0, 510, 3),
(224, 23, 40, 61, 0, 410, 1),
(225, 25, 40, 61, 0, 460, 2),
(226, 24, 40, 61, 0, 410, 1),
(227, 16, 41, 62, 0, 667, 4),
(228, 18, 41, 62, 0, 548, 2),
(229, 20, 41, 62, 0, 429, 0),
(230, 14, 41, 62, 0, 667, 4),
(231, 23, 41, 62, 0, 548, 2),
(232, 21, 41, 63, 0, 381, 1),
(233, 15, 41, 63, 0, 440, 2),
(234, 31, 41, 63, 0, 500, 3),
(235, 25, 41, 63, 0, 321, 0),
(236, 24, 41, 63, 0, 500, 3),
(237, 16, 43, 66, 0, 658, 4),
(238, 15, 43, 66, 0, 461, 1),
(239, 31, 43, 66, 0, 526, 2),
(240, 23, 43, 66, 0, 461, 1),
(241, 14, 43, 66, 0, 526, 2),
(242, 21, 43, 67, 0, 421, 1),
(243, 37, 43, 67, 0, 421, 1),
(244, 18, 43, 67, 0, 487, 2),
(245, 41, 43, 67, 0, 618, 4),
(246, 22, 43, 67, 0, 421, 1),
(247, 16, 44, 68, 0, 550, 2),
(248, 18, 44, 68, 0, 300, 0),
(249, 23, 44, 68, 0, 300, 0),
(250, 14, 44, 68, 0, 550, 2),
(251, 22, 44, 68, 0, 300, 0),
(252, 15, 44, 69, 0, 575, 1),
(253, 21, 44, 69, 0, 450, 0),
(254, 31, 44, 69, 0, 575, 1),
(255, 42, 44, 69, 0, 700, 2),
(256, 24, 44, 69, 0, 700, 2),
(257, 15, 45, 70, 0, 550, 1),
(258, 21, 45, 70, 0, 738, 4),
(259, 18, 45, 70, 0, 738, 4),
(260, 14, 45, 70, 0, 613, 2),
(261, 24, 45, 70, 0, 613, 2),
(262, 16, 45, 71, 0, 325, 1),
(263, 31, 45, 71, 0, 325, 1),
(264, 17, 45, 71, 0, 388, 2),
(265, 25, 45, 71, 0, 325, 1),
(266, 22, 45, 71, 0, 388, 2),
(267, 15, 46, 72, 0, 276, 0),
(268, 17, 46, 72, 0, 474, 3),
(269, 43, 46, 72, 0, 474, 3),
(270, 20, 46, 72, 0, 276, 0),
(271, 14, 46, 72, 0, 342, 1),
(272, 16, 46, 73, 0, 605, 2),
(273, 21, 46, 73, 0, 605, 2),
(274, 18, 46, 73, 0, 737, 4),
(275, 23, 46, 73, 0, 605, 2),
(276, 25, 46, 73, 0, 605, 2),
(277, 21, 47, 74, 0, 733, 4),
(278, 15, 47, 74, 0, 400, 0),
(279, 18, 47, 74, 0, 483, 1),
(280, 32, 47, 74, 0, 483, 1),
(281, 31, 47, 74, 0, 567, 2),
(282, 36, 47, 75, 0, 433, 1),
(283, 16, 47, 75, 0, 517, 2),
(284, 44, 47, 75, 0, 433, 1),
(285, 23, 47, 75, 0, 517, 2),
(286, 14, 47, 75, 0, 433, 1),
(287, 21, 48, 76, 0, 167, 0),
(288, 17, 48, 76, 0, 306, 2),
(289, 20, 48, 76, 0, 236, 1),
(290, 23, 48, 76, 0, 167, 0),
(291, 25, 48, 76, 0, 236, 1),
(292, 15, 48, 77, 0, 722, 2),
(293, 30, 48, 77, 0, 1000, 6),
(294, 38, 48, 77, 0, 653, 1),
(295, 14, 48, 77, 0, 792, 3),
(296, 24, 48, 77, 0, 722, 2),
(297, 31, 49, 78, 0, 661, 2),
(298, 19, 49, 78, 0, 571, 1),
(299, 17, 49, 78, 0, 750, 3),
(300, 24, 49, 78, 0, 661, 2),
(301, 23, 49, 78, 0, 571, 1),
(302, 15, 49, 79, 0, 268, 0),
(303, 18, 49, 79, 0, 446, 2),
(304, 14, 49, 79, 0, 446, 2),
(305, 25, 49, 79, 0, 357, 1),
(306, 22, 49, 79, 0, 268, 0),
(307, 15, 50, 80, 0, 713, 3),
(308, 18, 50, 80, 0, 650, 2),
(309, 24, 50, 80, 0, 588, 1),
(310, 14, 50, 80, 0, 838, 5),
(311, 25, 50, 80, 0, 713, 3),
(312, 21, 50, 81, 0, 350, 2),
(313, 19, 50, 81, 0, 350, 2),
(314, 17, 50, 81, 0, 288, 1),
(315, 20, 50, 81, 0, 225, 0),
(316, 22, 50, 81, 0, 288, 1),
(317, 16, 51, 82, 0, 542, 1),
(318, 31, 51, 82, 0, 438, 0),
(319, 17, 51, 82, 0, 750, 3),
(320, 24, 51, 82, 0, 646, 2),
(321, 23, 51, 82, 0, 542, 1),
(322, 15, 51, 83, 0, 625, 3),
(323, 21, 51, 83, 0, 313, 0),
(324, 18, 51, 83, 0, 521, 2),
(325, 14, 51, 83, 0, 313, 0),
(326, 25, 51, 83, 0, 313, 0),
(327, 15, 52, 84, 0, 528, 3),
(328, 19, 52, 84, 0, 389, 0),
(329, 23, 52, 84, 0, 528, 3),
(330, 14, 52, 84, 0, 481, 2),
(331, 20, 52, 84, 0, 667, 6),
(332, 31, 52, 85, 0, 593, 5),
(333, 21, 52, 85, 0, 454, 2),
(334, 18, 52, 85, 0, 454, 2),
(335, 25, 52, 85, 0, 361, 0),
(336, 22, 52, 85, 0, 546, 4),
(337, 36, 53, 86, 0, 402, 2),
(338, 21, 53, 86, 0, 402, 2),
(339, 19, 53, 86, 0, 348, 1),
(340, 23, 53, 86, 0, 293, 0),
(341, 20, 53, 86, 0, 511, 4),
(342, 16, 53, 87, 0, 620, 3),
(343, 15, 53, 87, 0, 565, 2),
(344, 18, 53, 87, 0, 620, 3),
(345, 14, 53, 87, 0, 674, 4),
(346, 25, 53, 87, 0, 565, 2),
(347, 16, 54, 88, 0, 646, 4),
(348, 18, 54, 88, 0, 646, 4),
(349, 19, 54, 88, 0, 646, 4),
(350, 14, 54, 88, 0, 490, 1),
(351, 20, 54, 88, 0, 490, 1),
(352, 15, 54, 89, 0, 417, 2),
(353, 31, 54, 89, 0, 365, 1),
(354, 21, 54, 89, 0, 417, 2),
(355, 17, 54, 89, 0, 469, 3),
(356, 25, 54, 89, 0, 417, 2),
(357, 30, 55, 90, 0, 579, 4),
(358, 19, 55, 90, 0, 447, 2),
(359, 14, 55, 90, 0, 447, 2),
(360, 23, 55, 90, 0, 316, 0),
(361, 25, 55, 90, 0, 316, 0),
(362, 15, 55, 91, 0, 500, 1),
(363, 18, 55, 91, 0, 697, 4),
(364, 17, 55, 91, 0, 500, 1),
(365, 20, 55, 91, 0, 566, 2),
(366, 22, 55, 91, 0, 632, 3),
(367, 16, 56, 92, 0, 313, 1),
(368, 31, 56, 92, 0, 234, 0),
(369, 14, 56, 92, 0, 313, 1),
(370, 23, 56, 92, 0, 313, 1),
(371, 25, 56, 92, 0, 391, 2),
(372, 15, 56, 93, 0, 828, 4),
(373, 30, 56, 93, 0, 750, 3),
(374, 19, 56, 93, 0, 594, 1),
(375, 20, 56, 93, 0, 672, 2),
(376, 22, 56, 93, 0, 594, 1),
(377, 15, 57, 94, 0, 486, 1),
(378, 17, 57, 94, 0, 486, 1),
(379, 20, 57, 94, 0, 556, 2),
(380, 24, 57, 94, 0, 694, 4),
(381, 23, 57, 94, 0, 556, 2),
(382, 16, 57, 95, 0, 542, 3),
(383, 18, 57, 95, 0, 333, 0),
(384, 31, 57, 95, 0, 472, 2),
(385, 14, 57, 95, 0, 403, 1),
(386, 25, 57, 95, 0, 472, 2),
(387, 30, 58, 96, 0, 792, 5),
(388, 17, 58, 96, 0, 844, 6),
(389, 20, 58, 96, 0, 635, 2),
(390, 19, 58, 96, 0, 688, 3),
(391, 22, 58, 96, 0, 583, 1),
(392, 15, 58, 97, 0, 271, 1),
(393, 18, 58, 97, 0, 271, 1),
(394, 24, 58, 97, 0, 323, 2),
(395, 14, 58, 97, 0, 323, 2),
(396, 25, 58, 97, 0, 271, 1),
(397, 15, 59, 98, 2, 838, 3),
(398, 21, 59, 98, 2, 765, 2),
(399, 20, 59, 98, 3, 838, 3),
(400, 14, 59, 98, 4, 838, 3),
(401, 23, 59, 98, 1, 838, 3),
(402, 16, 59, 99, 0, 279, 2),
(403, 17, 59, 99, 2, 132, 0),
(404, 19, 59, 99, 0, 132, 0),
(405, 31, 59, 99, 0, 132, 0),
(406, 22, 59, 99, 0, 206, 1);

-- --------------------------------------------------------

--
-- Table structure for table `invites`
--

CREATE TABLE IF NOT EXISTS `invites` (
  `id` int(10) unsigned NOT NULL AUTO_INCREMENT,
  `game_id` int(10) unsigned NOT NULL,
  `player_id` int(10) unsigned NOT NULL,
  `available` tinyint(1) DEFAULT NULL,
  `created` datetime NOT NULL,
  `modified` datetime NOT NULL,
  PRIMARY KEY (`id`)
) ENGINE=InnoDB  DEFAULT CHARSET=latin1 AUTO_INCREMENT=515 ;

--
-- Dumping data for table `invites`
--

INSERT INTO `invites` (`id`, `game_id`, `player_id`, `available`, `created`, `modified`) VALUES
(13, 11, 14, 1, '2012-03-02 16:09:34', '2012-03-02 16:09:34'),
(14, 11, 15, 1, '2012-03-02 16:09:40', '2012-03-02 16:09:40'),
(15, 11, 16, 1, '2012-03-02 16:09:44', '2012-03-02 16:09:44'),
(16, 11, 17, 1, '2012-03-02 16:09:50', '2012-03-02 16:09:50'),
(17, 11, 18, 1, '2012-03-02 16:09:55', '2012-03-02 16:09:55'),
(18, 11, 19, 1, '2012-03-02 16:10:03', '2012-03-02 16:10:03'),
(20, 11, 20, 1, '2012-03-02 16:10:29', '2012-03-02 16:10:29'),
(21, 11, 29, 0, '2012-03-03 23:25:05', '2012-03-03 23:25:05'),
(22, 11, 28, 0, '2012-03-03 23:27:30', '2012-03-03 23:27:30'),
(42, 22, 14, 0, '2012-03-04 01:31:25', '2012-03-04 01:31:25'),
(43, 22, 15, 1, '2012-03-04 01:31:25', '2012-03-04 01:31:25'),
(44, 22, 16, NULL, '2012-03-04 01:31:25', '2012-03-04 01:31:25'),
(45, 0, 0, 0, '2012-03-04 17:51:51', '2012-03-04 17:51:51'),
(46, 0, 0, 0, '2012-03-04 17:52:22', '2012-03-04 17:52:22'),
(47, 0, 0, 0, '2012-03-04 17:52:43', '2012-03-04 17:52:44'),
(48, 0, 0, 0, '2012-03-04 17:53:15', '2012-03-04 17:53:15'),
(49, 0, 0, 0, '2012-03-04 17:53:47', '2012-03-04 17:53:48'),
(50, 0, 0, 0, '2012-03-04 17:54:00', '2012-03-04 17:54:01'),
(51, 22, 17, NULL, '2012-03-04 18:06:55', '2012-03-04 18:06:55'),
(52, 22, 19, 1, '2012-03-04 18:06:55', '2012-03-04 18:06:55'),
(53, 22, 18, 1, '2012-03-04 18:07:06', '2012-03-04 18:07:06'),
(54, 24, 14, 1, '2012-03-05 03:17:55', '2012-03-05 03:17:55'),
(55, 24, 15, 0, '2012-03-05 03:17:55', '2012-03-05 03:17:55'),
(56, 24, 16, 0, '2012-03-05 03:17:55', '2012-03-05 03:17:55'),
(57, 24, 18, 1, '2012-03-05 03:17:55', '2012-03-05 03:17:55'),
(58, 24, 19, 1, '2012-03-05 03:17:55', '2012-03-05 03:17:55'),
(59, 24, 20, 1, '2012-03-05 03:17:55', '2012-03-05 03:17:55'),
(60, 24, 21, 1, '2012-03-05 03:17:55', '2012-03-05 03:17:55'),
(61, 24, 22, 0, '2012-03-05 03:17:55', '2012-03-05 03:17:55'),
(62, 24, 24, 1, '2012-03-05 03:17:55', '2012-03-05 03:17:55'),
(63, 24, 25, 0, '2012-03-05 03:17:55', '2012-03-05 03:17:55'),
(64, 24, 17, 0, '2012-03-16 02:55:14', '2012-03-16 02:55:14'),
(65, 25, 14, 1, '2012-03-16 20:00:54', '2012-03-16 20:00:54'),
(66, 25, 16, 1, '2012-03-16 20:00:54', '2012-03-16 20:00:54'),
(67, 25, 17, 1, '2012-03-16 20:00:54', '2012-03-16 20:00:54'),
(68, 25, 18, 0, '2012-03-16 20:00:54', '2012-03-16 20:00:54'),
(69, 25, 19, 1, '2012-03-16 20:00:54', '2012-03-16 20:00:54'),
(70, 25, 20, 1, '2012-03-16 20:00:54', '2012-03-16 20:00:54'),
(71, 25, 21, 1, '2012-03-16 20:00:54', '2012-03-16 20:00:54'),
(72, 25, 22, 1, '2012-03-16 20:00:54', '2012-03-16 20:00:54'),
(73, 25, 24, 0, '2012-03-16 20:00:54', '2012-03-16 20:00:54'),
(74, 25, 25, 0, '2012-03-16 20:00:54', '2012-03-16 20:00:54'),
(75, 25, 15, 1, '2012-03-17 01:58:22', '2012-03-17 01:58:22'),
(76, 25, 30, 1, '2012-03-17 02:22:30', '2012-03-17 02:22:30'),
(77, 25, 26, NULL, '2012-03-17 02:54:05', '2012-03-17 02:54:05'),
(78, 25, 23, 1, '2012-03-17 02:58:53', '2012-03-17 02:58:53'),
(79, 25, 27, NULL, '2012-03-17 02:58:53', '2012-03-17 02:58:53'),
(80, 25, 32, NULL, '2012-03-18 04:26:24', '2012-03-18 04:26:24'),
(81, 26, 14, 1, '2012-03-25 16:23:40', '2012-03-25 16:23:40'),
(82, 26, 16, 1, '2012-03-25 16:23:40', '2012-03-25 16:23:40'),
(83, 26, 17, 1, '2012-03-25 16:23:40', '2012-03-25 16:23:40'),
(84, 26, 18, 1, '2012-03-25 16:23:40', '2012-03-25 16:23:40'),
(85, 26, 19, 1, '2012-03-25 16:23:40', '2012-03-25 16:23:40'),
(86, 26, 20, 1, '2012-03-25 16:23:40', '2012-03-25 16:23:40'),
(87, 26, 21, 1, '2012-03-25 16:23:40', '2012-03-25 16:23:40'),
(88, 26, 22, 1, '2012-03-25 16:23:40', '2012-03-25 16:23:40'),
(89, 26, 24, 1, '2012-03-25 16:23:40', '2012-03-25 16:23:40'),
(90, 26, 25, 1, '2012-03-25 16:23:40', '2012-03-25 16:23:40'),
(91, 27, 14, 1, '2012-03-25 23:01:39', '2012-03-25 23:01:39'),
(92, 27, 16, 1, '2012-03-25 23:01:39', '2012-03-25 23:01:39'),
(93, 27, 17, 1, '2012-03-25 23:01:39', '2012-03-25 23:01:39'),
(94, 27, 18, 1, '2012-03-25 23:01:39', '2012-03-25 23:01:39'),
(95, 27, 19, 1, '2012-03-25 23:01:39', '2012-03-25 23:01:39'),
(96, 27, 20, 1, '2012-03-25 23:01:39', '2012-03-25 23:01:39'),
(97, 27, 21, 1, '2012-03-25 23:01:39', '2012-03-25 23:01:39'),
(98, 27, 22, 1, '2012-03-25 23:01:39', '2012-03-25 23:01:39'),
(99, 27, 24, 0, '2012-03-25 23:01:39', '2012-03-25 23:01:39'),
(100, 27, 25, 1, '2012-03-25 23:01:39', '2012-03-25 23:01:39'),
(101, 27, 15, 1, '2012-03-25 23:03:30', '2012-03-25 23:03:30'),
(102, 27, 23, NULL, '2012-03-25 23:03:30', '2012-03-25 23:03:30'),
(114, 29, 14, 1, '2012-03-31 03:17:57', '2012-03-31 03:17:57'),
(115, 29, 16, 1, '2012-03-31 03:17:57', '2012-03-31 03:17:57'),
(116, 29, 17, 0, '2012-03-31 03:17:57', '2012-03-31 03:17:57'),
(117, 29, 18, 1, '2012-03-31 03:17:57', '2012-03-31 03:17:57'),
(118, 29, 19, 1, '2012-03-31 03:17:57', '2012-03-31 03:17:57'),
(119, 29, 20, 1, '2012-03-31 03:17:57', '2012-03-31 03:17:57'),
(120, 29, 21, 1, '2012-03-31 03:17:57', '2012-03-31 03:17:57'),
(121, 29, 22, 1, '2012-03-31 03:17:57', '2012-03-31 03:17:57'),
(122, 29, 24, 1, '2012-03-31 03:17:57', '2012-03-31 03:17:57'),
(123, 29, 25, 1, '2012-03-31 03:17:57', '2012-03-31 03:17:57'),
(124, 29, 15, 1, '2012-03-31 08:19:43', '2012-03-31 08:19:43'),
(125, 30, 14, 1, '2012-04-06 12:17:34', '2012-04-06 12:17:34'),
(126, 30, 15, 1, '2012-04-06 12:17:34', '2012-04-06 12:17:34'),
(127, 30, 16, 1, '2012-04-06 12:17:34', '2012-04-06 12:17:34'),
(128, 30, 17, 1, '2012-04-06 12:17:34', '2012-04-06 12:17:34'),
(129, 30, 18, 0, '2012-04-06 12:17:34', '2012-04-06 12:17:34'),
(130, 30, 19, 0, '2012-04-06 12:17:34', '2012-04-06 12:17:34'),
(131, 30, 20, 1, '2012-04-06 12:17:34', '2012-04-06 12:17:34'),
(132, 30, 21, 1, '2012-04-06 12:17:34', '2012-04-06 12:17:34'),
(133, 30, 23, 1, '2012-04-06 12:17:34', '2012-04-06 12:17:34'),
(134, 30, 25, 1, '2012-04-06 12:17:34', '2012-04-06 12:17:34'),
(135, 30, 30, 0, '2012-04-06 12:17:34', '2012-04-06 12:17:34'),
(136, 30, 31, 1, '2012-04-08 06:40:05', '2012-04-08 06:40:05'),
(137, 30, 33, 1, '2012-04-08 08:23:48', '2012-04-08 08:23:48'),
(138, 31, 14, 1, '2012-04-13 10:45:42', '2012-04-13 10:45:42'),
(139, 31, 15, 1, '2012-04-13 10:45:42', '2012-04-13 10:45:42'),
(140, 31, 16, 1, '2012-04-13 10:45:42', '2012-04-13 10:45:42'),
(141, 31, 17, 1, '2012-04-13 10:45:42', '2012-04-13 10:45:42'),
(142, 31, 18, 1, '2012-04-13 10:45:42', '2012-04-13 10:45:42'),
(143, 31, 19, 1, '2012-04-13 10:45:42', '2012-04-13 10:45:42'),
(144, 31, 21, 1, '2012-04-13 10:45:42', '2012-04-13 10:45:42'),
(145, 31, 22, 1, '2012-04-13 10:45:42', '2012-04-13 10:45:42'),
(147, 31, 24, 1, '2012-04-13 10:45:42', '2012-04-13 10:45:42'),
(149, 31, 34, 1, '2012-04-13 17:17:26', '2012-04-13 17:17:26'),
(150, 32, 14, 1, '2012-04-20 09:40:15', '2012-04-20 09:40:15'),
(151, 32, 16, 1, '2012-04-20 09:40:15', '2012-04-20 09:40:15'),
(152, 32, 17, 1, '2012-04-20 09:40:15', '2012-04-20 09:40:15'),
(153, 32, 18, 1, '2012-04-20 09:40:15', '2012-04-20 09:40:15'),
(154, 32, 19, 1, '2012-04-20 09:40:15', '2012-04-20 09:40:15'),
(155, 32, 20, 1, '2012-04-20 09:40:15', '2012-04-20 09:40:15'),
(156, 32, 21, 1, '2012-04-20 09:40:15', '2012-04-20 09:40:15'),
(157, 32, 22, 1, '2012-04-20 09:40:15', '2012-04-20 09:40:15'),
(158, 32, 24, 0, '2012-04-20 09:40:15', '2012-04-20 09:40:15'),
(159, 32, 25, 1, '2012-04-20 09:40:15', '2012-04-20 09:40:15'),
(160, 32, 15, 1, '2012-04-22 07:22:40', '2012-04-22 07:22:40'),
(161, 33, 14, 1, '2012-04-27 15:06:31', '2012-04-27 15:06:31'),
(162, 33, 16, 0, '2012-04-27 15:06:31', '2012-04-27 15:06:31'),
(163, 33, 18, 1, '2012-04-27 15:06:31', '2012-04-27 15:06:31'),
(164, 33, 19, 1, '2012-04-27 15:06:31', '2012-04-27 15:06:31'),
(165, 33, 20, 0, '2012-04-27 15:06:31', '2012-04-27 15:06:31'),
(166, 33, 21, 0, '2012-04-27 15:06:31', '2012-04-27 15:06:31'),
(167, 33, 22, 1, '2012-04-27 15:06:31', '2012-04-27 15:06:31'),
(168, 33, 24, 0, '2012-04-27 15:06:31', '2012-04-27 15:06:31'),
(169, 33, 25, 1, '2012-04-27 15:06:31', '2012-04-27 15:06:31'),
(170, 33, 17, 1, '2012-04-27 15:06:31', '2012-04-27 15:06:31'),
(171, 33, 15, 1, '2012-04-27 15:06:31', '2012-04-27 15:06:31'),
(172, 33, 23, 1, '2012-04-28 14:49:10', '2012-04-28 14:49:10'),
(173, 33, 34, 1, '2012-04-28 14:49:10', '2012-04-28 14:49:10'),
(174, 33, 30, 0, '2012-04-29 08:38:23', '2012-04-29 08:38:23'),
(175, 33, 35, 1, '2012-04-29 09:37:46', '2012-04-29 09:37:46'),
(176, 34, 14, 1, '2012-05-05 07:37:52', '2012-05-05 07:37:52'),
(177, 34, 16, 1, '2012-05-05 07:37:52', '2012-05-05 07:37:52'),
(178, 34, 18, 1, '2012-05-05 07:37:52', '2012-05-05 07:37:52'),
(179, 34, 19, 1, '2012-05-05 07:37:52', '2012-05-05 07:37:52'),
(180, 34, 21, 1, '2012-05-05 07:37:52', '2012-05-05 07:37:52'),
(181, 34, 22, 1, '2012-05-05 07:37:52', '2012-05-05 07:37:52'),
(182, 34, 24, 1, '2012-05-05 07:37:52', '2012-05-05 07:37:52'),
(183, 34, 17, 1, '2012-05-05 07:37:52', '2012-05-05 07:37:52'),
(184, 34, 15, 1, '2012-05-05 07:37:52', '2012-05-05 07:37:52'),
(185, 34, 23, 1, '2012-05-05 07:37:52', '2012-05-05 07:37:52'),
(186, 35, 14, 1, '2012-05-11 16:39:16', '2012-05-11 16:39:16'),
(187, 35, 16, 1, '2012-05-11 16:39:16', '2012-05-11 16:39:16'),
(188, 35, 18, 1, '2012-05-11 16:39:16', '2012-05-11 16:39:16'),
(189, 35, 19, 0, '2012-05-11 16:39:16', '2012-05-11 16:39:16'),
(190, 35, 20, 1, '2012-05-11 16:39:16', '2012-05-11 16:39:16'),
(191, 35, 21, 1, '2012-05-11 16:39:16', '2012-05-11 16:39:16'),
(192, 35, 22, 1, '2012-05-11 16:39:16', '2012-05-11 16:39:16'),
(193, 35, 24, 1, '2012-05-11 16:39:16', '2012-05-11 16:39:16'),
(194, 35, 25, 1, '2012-05-11 16:39:16', '2012-05-11 16:39:16'),
(195, 35, 17, 0, '2012-05-11 16:39:16', '2012-05-11 16:39:16'),
(196, 35, 15, 1, '2012-05-12 11:39:27', '2012-05-12 11:39:27'),
(197, 35, 23, 1, '2012-05-12 21:31:39', '2012-05-12 21:31:39'),
(198, 36, 14, 1, '2012-05-19 11:45:20', '2012-05-19 11:45:20'),
(199, 36, 16, 1, '2012-05-19 11:45:20', '2012-05-19 11:45:20'),
(200, 36, 18, 1, '2012-05-19 11:45:20', '2012-05-19 11:45:20'),
(201, 36, 19, 1, '2012-05-19 11:45:20', '2012-05-19 11:45:20'),
(202, 36, 21, 1, '2012-05-19 11:45:20', '2012-05-19 11:45:20'),
(203, 36, 22, 0, '2012-05-19 11:45:20', '2012-05-19 11:45:20'),
(205, 36, 25, 1, '2012-05-19 11:45:20', '2012-05-19 11:45:20'),
(206, 36, 17, 1, '2012-05-19 11:45:20', '2012-05-19 11:45:20'),
(207, 36, 15, 0, '2012-05-19 11:45:20', '2012-05-19 11:45:20'),
(209, 36, 30, 1, '2012-05-26 11:43:54', '2012-05-26 11:43:54'),
(210, 36, 23, 1, '2012-05-27 08:34:38', '2012-05-27 08:34:38'),
(211, 36, 36, 1, '2012-05-27 09:31:39', '2012-05-27 09:31:39'),
(212, 37, 14, 1, '2012-06-01 18:41:33', '2012-06-01 18:41:33'),
(213, 37, 16, 0, '2012-06-01 18:41:33', '2012-06-01 18:41:33'),
(214, 37, 18, 1, '2012-06-01 18:41:33', '2012-06-01 18:41:33'),
(215, 37, 19, 1, '2012-06-01 18:41:33', '2012-06-01 18:41:33'),
(216, 37, 21, 1, '2012-06-01 18:41:33', '2012-06-01 18:41:33'),
(217, 37, 22, 1, '2012-06-01 18:41:33', '2012-06-01 18:41:33'),
(218, 37, 25, 0, '2012-06-01 18:41:33', '2012-06-01 18:41:33'),
(219, 37, 17, 1, '2012-06-01 18:41:33', '2012-06-01 18:41:33'),
(220, 37, 15, 1, '2012-06-01 18:41:33', '2012-06-01 18:41:33'),
(221, 37, 23, 0, '2012-06-01 18:41:33', '2012-06-01 18:41:33'),
(222, 37, 30, 0, '2012-06-02 10:12:31', '2012-06-02 10:12:31'),
(223, 37, 31, 1, '2012-06-02 14:39:00', '2012-06-02 14:39:00'),
(224, 37, 32, 0, '2012-06-02 14:39:00', '2012-06-02 14:39:00'),
(225, 37, 34, 0, '2012-06-02 14:39:00', '2012-06-02 14:39:00'),
(226, 37, 37, 1, '2012-06-02 16:06:32', '2012-06-02 16:06:32'),
(227, 37, 36, 1, '2012-06-03 08:29:41', '2012-06-03 08:29:41'),
(228, 38, 14, 1, '2012-06-09 11:31:29', '2012-06-09 11:31:29'),
(229, 38, 16, 1, '2012-06-09 11:31:29', '2012-06-09 11:31:29'),
(230, 38, 20, 0, '2012-06-09 11:31:29', '2012-06-09 11:31:29'),
(231, 38, 21, 1, '2012-06-09 11:31:29', '2012-06-09 11:31:29'),
(232, 38, 22, 0, '2012-06-09 11:31:29', '2012-06-09 11:31:29'),
(233, 38, 24, 1, '2012-06-09 11:31:29', '2012-06-09 11:31:29'),
(234, 38, 17, 1, '2012-06-09 11:31:29', '2012-06-09 11:31:29'),
(235, 38, 15, 1, '2012-06-09 11:31:29', '2012-06-09 11:31:29'),
(236, 38, 30, 0, '2012-06-09 11:31:29', '2012-06-09 11:31:29'),
(237, 38, 23, 1, '2012-06-09 11:31:29', '2012-06-09 11:31:29'),
(238, 38, 31, 1, '2012-06-10 06:37:00', '2012-06-10 06:37:00'),
(239, 38, 36, 1, '2012-06-10 08:48:45', '2012-06-10 08:48:45'),
(240, 38, 38, 1, '2012-06-10 11:35:40', '2012-06-10 11:35:40'),
(241, 39, 14, 1, '2012-06-15 09:10:38', '2012-06-15 09:10:38'),
(242, 39, 16, 0, '2012-06-15 09:10:38', '2012-06-15 09:10:38'),
(243, 39, 18, 0, '2012-06-15 09:10:38', '2012-06-15 09:10:38'),
(244, 39, 19, 1, '2012-06-15 09:10:38', '2012-06-15 09:10:38'),
(245, 39, 20, 0, '2012-06-15 09:10:38', '2012-06-15 09:10:38'),
(246, 39, 21, 1, '2012-06-15 09:10:38', '2012-06-15 09:10:38'),
(247, 39, 22, 0, '2012-06-15 09:10:38', '2012-06-15 09:10:38'),
(248, 39, 24, 1, '2012-06-15 09:10:38', '2012-06-15 09:10:38'),
(249, 39, 25, 1, '2012-06-15 09:10:38', '2012-06-15 09:10:38'),
(250, 39, 17, 1, '2012-06-15 09:10:38', '2012-06-15 09:10:38'),
(251, 39, 15, 1, '2012-06-15 09:13:01', '2012-06-15 09:13:01'),
(252, 39, 23, 1, '2012-06-15 09:13:01', '2012-06-15 09:13:01'),
(253, 39, 37, 1, '2012-06-16 13:22:18', '2012-06-16 13:22:18'),
(254, 39, 36, 1, '2012-06-17 08:33:30', '2012-06-17 08:33:30'),
(255, 40, 14, 1, '2012-06-23 15:55:31', '2012-06-23 15:55:31'),
(256, 40, 16, 0, '2012-06-23 15:55:31', '2012-06-23 15:55:31'),
(257, 40, 18, 1, '2012-06-23 15:55:31', '2012-06-23 15:55:31'),
(258, 40, 20, 0, '2012-06-23 15:55:31', '2012-06-23 15:55:31'),
(259, 40, 21, 1, '2012-06-23 15:55:31', '2012-06-23 15:55:31'),
(260, 40, 22, 0, '2012-06-23 15:55:31', '2012-06-23 15:55:31'),
(261, 40, 24, 1, '2012-06-23 15:55:31', '2012-06-23 15:55:31'),
(262, 40, 25, 1, '2012-06-23 15:55:31', '2012-06-23 15:55:31'),
(263, 40, 17, 1, '2012-06-23 15:55:31', '2012-06-23 15:55:31'),
(264, 40, 15, 1, '2012-06-23 15:55:31', '2012-06-23 15:55:31'),
(265, 40, 23, 1, '2012-06-24 08:24:36', '2012-06-24 08:24:36'),
(266, 40, 37, 0, '2012-06-24 08:24:36', '2012-06-24 08:24:36'),
(267, 40, 31, 1, '2012-06-24 08:43:11', '2012-06-24 08:43:11'),
(268, 40, 39, 1, '2012-06-24 09:41:21', '2012-06-24 09:41:21'),
(269, 41, 14, 1, '2012-06-29 21:55:08', '2012-06-29 21:55:08'),
(270, 41, 16, 1, '2012-06-29 21:55:08', '2012-06-29 21:55:08'),
(271, 41, 18, 1, '2012-06-29 21:55:09', '2012-06-29 21:55:09'),
(272, 41, 19, 0, '2012-06-29 21:55:09', '2012-06-29 21:55:09'),
(273, 41, 21, 1, '2012-06-29 21:55:09', '2012-06-29 21:55:09'),
(274, 41, 24, 1, '2012-06-29 21:55:09', '2012-06-29 21:55:09'),
(275, 41, 25, 1, '2012-06-29 21:55:09', '2012-06-29 21:55:09'),
(276, 41, 15, 1, '2012-06-29 21:55:09', '2012-06-29 21:55:09'),
(277, 41, 23, 1, '2012-06-29 21:55:09', '2012-06-29 21:55:09'),
(278, 41, 31, 1, '2012-06-29 21:55:09', '2012-06-29 21:55:09'),
(279, 41, 37, 0, '2012-06-30 20:09:48', '2012-06-30 20:09:48'),
(280, 41, 20, 1, '2012-07-01 11:10:55', '2012-07-01 11:10:55'),
(281, 42, 14, 1, '2012-07-07 12:28:35', '2012-07-07 12:28:35'),
(282, 42, 16, 0, '2012-07-07 12:28:35', '2012-07-07 12:28:35'),
(283, 42, 18, 0, '2012-07-07 12:28:36', '2012-07-07 12:28:36'),
(284, 42, 20, 0, '2012-07-07 12:28:36', '2012-07-07 12:28:36'),
(285, 42, 21, 0, '2012-07-07 12:28:36', '2012-07-07 12:28:36'),
(286, 42, 24, 0, '2012-07-07 12:28:36', '2012-07-07 12:28:36'),
(287, 42, 25, 0, '2012-07-07 12:28:36', '2012-07-07 12:28:36'),
(288, 42, 17, 0, '2012-07-07 12:28:36', '2012-07-07 12:28:36'),
(289, 42, 15, 0, '2012-07-07 12:28:36', '2012-07-07 12:28:36'),
(290, 42, 23, 0, '2012-07-07 12:28:36', '2012-07-07 12:28:36'),
(291, 42, 31, 0, '2012-07-08 09:04:12', '2012-07-08 09:04:12'),
(292, 43, 14, 1, '2012-07-21 14:19:20', '2012-07-21 14:19:20'),
(293, 43, 16, 1, '2012-07-21 14:19:20', '2012-07-21 14:19:20'),
(294, 43, 18, 1, '2012-07-21 14:19:20', '2012-07-21 14:19:20'),
(295, 43, 21, 1, '2012-07-21 14:19:20', '2012-07-21 14:19:20'),
(296, 43, 22, 1, '2012-07-21 14:19:20', '2012-07-21 14:19:20'),
(297, 43, 24, 0, '2012-07-21 14:19:20', '2012-07-21 14:19:20'),
(298, 43, 25, 0, '2012-07-21 14:19:20', '2012-07-21 14:19:20'),
(299, 43, 17, 0, '2012-07-21 14:19:20', '2012-07-21 14:19:20'),
(300, 43, 15, 1, '2012-07-21 14:19:20', '2012-07-21 14:19:20'),
(301, 43, 23, 1, '2012-07-21 14:19:20', '2012-07-21 14:19:20'),
(302, 43, 31, 1, '2012-07-21 14:50:02', '2012-07-21 14:50:02'),
(303, 43, 37, 1, '2012-07-21 14:50:02', '2012-07-21 14:50:02'),
(304, 43, 41, 1, '2012-07-22 10:28:51', '2012-07-22 10:28:51'),
(305, 44, 14, 1, '2012-07-27 09:41:56', '2012-07-27 09:41:56'),
(306, 44, 16, 1, '2012-07-27 09:41:56', '2012-07-27 09:41:56'),
(307, 44, 18, 1, '2012-07-27 09:41:56', '2012-07-27 09:41:56'),
(308, 44, 21, 1, '2012-07-27 09:41:56', '2012-07-27 09:41:56'),
(309, 44, 22, 1, '2012-07-27 09:41:56', '2012-07-27 09:41:56'),
(310, 44, 24, 1, '2012-07-27 09:41:56', '2012-07-27 09:41:56'),
(311, 44, 25, 0, '2012-07-27 09:41:56', '2012-07-27 09:41:56'),
(312, 44, 17, 0, '2012-07-27 09:41:56', '2012-07-27 09:41:56'),
(313, 44, 15, 1, '2012-07-27 09:41:56', '2012-07-27 09:41:56'),
(314, 44, 23, 1, '2012-07-27 09:41:56', '2012-07-27 09:41:56'),
(315, 44, 42, 1, '2012-07-29 09:17:01', '2012-07-29 09:17:01'),
(316, 44, 31, 1, '2012-07-29 11:12:48', '2012-07-29 11:12:48'),
(317, 45, 14, 1, '2012-08-04 11:45:18', '2012-08-04 11:45:18'),
(318, 45, 16, 1, '2012-08-04 11:45:18', '2012-08-04 11:45:18'),
(319, 45, 18, 1, '2012-08-04 11:45:18', '2012-08-04 11:45:18'),
(320, 45, 21, 1, '2012-08-04 11:45:18', '2012-08-04 11:45:18'),
(321, 45, 22, 1, '2012-08-04 11:45:18', '2012-08-04 11:45:18'),
(322, 45, 24, 1, '2012-08-04 11:45:18', '2012-08-04 11:45:18'),
(323, 45, 25, 1, '2012-08-04 11:45:18', '2012-08-04 11:45:18'),
(324, 45, 17, 1, '2012-08-04 11:45:18', '2012-08-04 11:45:18'),
(325, 45, 15, 1, '2012-08-04 11:45:18', '2012-08-04 11:45:18'),
(326, 45, 23, 0, '2012-08-04 11:45:18', '2012-08-04 11:45:18'),
(327, 45, 31, 1, '2012-08-05 07:43:06', '2012-08-05 07:43:06'),
(328, 46, 14, 1, '2012-08-11 12:23:19', '2012-08-11 12:23:19'),
(329, 46, 16, 1, '2012-08-11 12:23:19', '2012-08-11 12:23:19'),
(330, 46, 18, 1, '2012-08-11 12:23:19', '2012-08-11 12:23:19'),
(331, 46, 19, 0, '2012-08-11 12:23:19', '2012-08-11 12:23:19'),
(332, 46, 21, 1, '2012-08-11 12:23:19', '2012-08-11 12:23:19'),
(333, 46, 22, 0, '2012-08-11 12:23:19', '2012-08-11 12:23:19'),
(334, 46, 24, 0, '2012-08-11 12:23:19', '2012-08-11 12:23:19'),
(335, 46, 25, 1, '2012-08-11 12:23:19', '2012-08-11 12:23:19'),
(336, 46, 17, 1, '2012-08-11 12:23:19', '2012-08-11 12:23:19'),
(337, 46, 15, 1, '2012-08-11 12:23:19', '2012-08-11 12:23:19'),
(338, 46, 23, 1, '2012-08-11 13:20:51', '2012-08-11 13:20:51'),
(339, 46, 20, 1, '2012-08-12 11:36:10', '2012-08-12 11:36:10'),
(340, 46, 43, 1, '2012-08-12 11:37:26', '2012-08-12 11:37:26'),
(341, 47, 14, 1, '2012-08-18 12:21:02', '2012-08-18 12:21:02'),
(342, 47, 16, 1, '2012-08-18 12:21:02', '2012-08-18 12:21:02'),
(343, 47, 18, 1, '2012-08-18 12:21:02', '2012-08-18 12:21:02'),
(344, 47, 21, 1, '2012-08-18 12:21:02', '2012-08-18 12:21:02'),
(345, 47, 22, 0, '2012-08-18 12:21:02', '2012-08-18 12:21:02'),
(346, 47, 24, 0, '2012-08-18 12:21:02', '2012-08-18 12:21:02'),
(347, 47, 25, 0, '2012-08-18 12:21:02', '2012-08-18 12:21:02'),
(348, 47, 17, 0, '2012-08-18 12:21:02', '2012-08-18 12:21:02'),
(349, 47, 15, 1, '2012-08-18 12:21:02', '2012-08-18 12:21:02'),
(350, 47, 23, 1, '2012-08-18 12:21:02', '2012-08-18 12:21:02'),
(351, 47, 31, 1, '2012-08-18 12:24:41', '2012-08-18 12:24:41'),
(352, 47, 36, 1, '2012-08-19 08:15:14', '2012-08-19 08:15:14'),
(353, 47, 32, 1, '2012-08-19 09:47:55', '2012-08-19 09:47:55'),
(354, 47, 44, 1, '2012-08-19 12:15:03', '2012-08-19 12:15:03'),
(355, 48, 14, 1, '2012-08-25 12:36:55', '2012-08-25 12:36:55'),
(356, 48, 16, 0, '2012-08-25 12:36:55', '2012-08-25 12:36:55'),
(357, 48, 21, 1, '2012-08-25 12:36:55', '2012-08-25 12:36:55'),
(358, 48, 22, 0, '2012-08-25 12:36:55', '2012-08-25 12:36:55'),
(359, 48, 24, 1, '2012-08-25 12:36:55', '2012-08-25 12:36:55'),
(360, 48, 25, 1, '2012-08-25 12:36:55', '2012-08-25 12:36:55'),
(361, 48, 17, 1, '2012-08-25 12:36:55', '2012-08-25 12:36:55'),
(362, 48, 15, 1, '2012-08-25 12:36:55', '2012-08-25 12:36:55'),
(363, 48, 30, 1, '2012-08-25 12:36:55', '2012-08-25 12:36:55'),
(364, 48, 23, 1, '2012-08-25 12:36:55', '2012-08-25 12:36:55'),
(365, 48, 38, 1, '2012-08-26 09:34:54', '2012-08-26 09:34:54'),
(366, 48, 20, 1, '2012-08-26 09:35:04', '2012-08-26 09:35:04'),
(367, 49, 14, 1, '2012-08-31 11:14:17', '2012-08-31 11:14:17'),
(368, 49, 16, 0, '2012-08-31 11:14:17', '2012-08-31 11:14:17'),
(369, 49, 18, 1, '2012-08-31 11:14:17', '2012-08-31 11:14:17'),
(370, 49, 19, 1, '2012-08-31 11:14:17', '2012-08-31 11:14:17'),
(371, 49, 21, 0, '2012-08-31 11:14:17', '2012-08-31 11:14:17'),
(372, 49, 22, 1, '2012-08-31 11:14:17', '2012-08-31 11:14:17'),
(373, 49, 24, 1, '2012-08-31 11:14:17', '2012-08-31 11:14:17'),
(374, 49, 25, 1, '2012-08-31 11:14:17', '2012-08-31 11:14:17'),
(375, 49, 17, 1, '2012-08-31 11:14:17', '2012-08-31 11:14:17'),
(376, 49, 15, 1, '2012-08-31 11:14:17', '2012-08-31 11:14:17'),
(377, 49, 23, 1, '2012-09-01 08:52:14', '2012-09-01 08:52:14'),
(378, 49, 31, 1, '2012-09-01 15:06:05', '2012-09-01 15:06:05'),
(379, 50, 14, 1, '2012-09-08 12:17:21', '2012-09-08 12:17:21'),
(380, 50, 16, 0, '2012-09-08 12:17:21', '2012-09-08 12:17:21'),
(381, 50, 18, 1, '2012-09-08 12:17:21', '2012-09-08 12:17:21'),
(382, 50, 19, 1, '2012-09-08 12:17:21', '2012-09-08 12:17:21'),
(383, 50, 20, 1, '2012-09-08 12:17:21', '2012-09-08 12:17:21'),
(384, 50, 21, 1, '2012-09-08 12:17:21', '2012-09-08 12:17:21'),
(385, 50, 22, 1, '2012-09-08 12:17:21', '2012-09-08 12:17:21'),
(386, 50, 24, 1, '2012-09-08 12:17:21', '2012-09-08 12:17:21'),
(387, 50, 25, 1, '2012-09-08 12:17:21', '2012-09-08 12:17:21'),
(388, 50, 17, 1, '2012-09-08 12:17:21', '2012-09-08 12:17:21'),
(389, 50, 15, 1, '2012-09-09 07:50:34', '2012-09-09 07:50:34'),
(390, 51, 14, 1, '2012-09-15 10:42:01', '2012-09-15 10:42:01'),
(391, 51, 16, 1, '2012-09-15 10:42:01', '2012-09-15 10:42:01'),
(392, 51, 18, 1, '2012-09-15 10:42:01', '2012-09-15 10:42:01'),
(393, 51, 20, 0, '2012-09-15 10:42:01', '2012-09-15 10:42:01'),
(394, 51, 21, 1, '2012-09-15 10:42:02', '2012-09-15 10:42:02'),
(395, 51, 22, 0, '2012-09-15 10:42:02', '2012-09-15 10:42:02'),
(396, 51, 24, 1, '2012-09-15 10:42:02', '2012-09-15 10:42:02'),
(397, 51, 25, 1, '2012-09-15 10:42:02', '2012-09-15 10:42:02'),
(398, 51, 17, 1, '2012-09-15 10:42:02', '2012-09-15 10:42:02'),
(399, 51, 15, 1, '2012-09-15 10:42:02', '2012-09-15 10:42:02'),
(400, 51, 23, 1, '2012-09-15 11:50:31', '2012-09-15 11:50:31'),
(401, 51, 31, 1, '2012-09-15 17:58:14', '2012-09-15 17:58:14'),
(402, 52, 14, 1, '2012-09-22 11:36:42', '2012-09-22 11:36:42'),
(403, 52, 16, 0, '2012-09-22 11:36:42', '2012-09-22 11:36:42'),
(404, 52, 18, 1, '2012-09-22 11:36:42', '2012-09-22 11:36:42'),
(405, 52, 19, 1, '2012-09-22 11:36:42', '2012-09-22 11:36:42'),
(406, 52, 20, 1, '2012-09-22 11:36:42', '2012-09-22 11:36:42'),
(407, 52, 21, 1, '2012-09-22 11:36:42', '2012-09-22 11:36:42'),
(408, 52, 22, 1, '2012-09-22 11:36:42', '2012-09-22 11:36:42'),
(409, 52, 24, 0, '2012-09-22 11:36:42', '2012-09-22 11:36:42'),
(410, 52, 25, 1, '2012-09-22 11:36:42', '2012-09-22 11:36:42'),
(411, 52, 17, 0, '2012-09-22 11:36:42', '2012-09-22 11:36:42'),
(412, 52, 15, 1, '2012-09-22 15:38:33', '2012-09-22 15:38:33'),
(413, 52, 23, 1, '2012-09-22 15:38:33', '2012-09-22 15:38:33'),
(414, 52, 31, 1, '2012-09-23 08:24:45', '2012-09-23 08:24:45'),
(415, 53, 14, 1, '2012-09-29 10:26:43', '2012-09-29 10:26:43'),
(416, 53, 16, 1, '2012-09-29 10:26:43', '2012-09-29 10:26:43'),
(417, 53, 18, 1, '2012-09-29 10:26:43', '2012-09-29 10:26:43'),
(418, 53, 19, 1, '2012-09-29 10:26:43', '2012-09-29 10:26:43'),
(419, 53, 20, 1, '2012-09-29 10:26:43', '2012-09-29 10:26:43'),
(420, 53, 21, 1, '2012-09-29 10:26:43', '2012-09-29 10:26:43'),
(421, 53, 22, 0, '2012-09-29 10:26:43', '2012-09-29 10:26:43'),
(422, 53, 24, 0, '2012-09-29 10:26:43', '2012-09-29 10:26:43'),
(423, 53, 25, 1, '2012-09-29 10:26:43', '2012-09-29 10:26:43'),
(424, 53, 17, 0, '2012-09-29 10:26:43', '2012-09-29 10:26:43'),
(425, 53, 15, 1, '2012-09-29 18:19:48', '2012-09-29 18:19:48'),
(426, 53, 23, 1, '2012-09-29 18:19:48', '2012-09-29 18:19:48'),
(427, 53, 31, 0, '2012-09-29 18:25:31', '2012-09-29 18:25:31'),
(428, 53, 36, 1, '2012-09-30 10:35:02', '2012-09-30 10:35:02'),
(429, 54, 14, 1, '2012-10-06 01:02:13', '2012-10-06 01:02:13'),
(430, 54, 16, 1, '2012-10-06 01:02:13', '2012-10-06 01:02:13'),
(431, 54, 18, 1, '2012-10-06 01:02:13', '2012-10-06 01:02:13'),
(432, 54, 19, 1, '2012-10-06 01:02:13', '2012-10-06 01:02:13'),
(433, 54, 20, 1, '2012-10-06 01:02:13', '2012-10-06 01:02:13'),
(434, 54, 21, 1, '2012-10-06 01:02:13', '2012-10-06 01:02:13'),
(435, 54, 22, 0, '2012-10-06 01:02:13', '2012-10-06 01:02:13'),
(436, 54, 24, 0, '2012-10-06 01:02:13', '2012-10-06 01:02:13'),
(437, 54, 25, 1, '2012-10-06 01:02:13', '2012-10-06 01:02:13'),
(438, 54, 17, 1, '2012-10-06 01:02:13', '2012-10-06 01:02:13'),
(439, 54, 15, 1, '2012-10-06 16:35:32', '2012-10-06 16:35:32'),
(440, 54, 31, 1, '2012-10-06 16:35:32', '2012-10-06 16:35:32'),
(441, 55, 14, 1, '2012-10-13 09:24:02', '2012-10-13 09:24:02'),
(442, 55, 16, 0, '2012-10-13 09:24:02', '2012-10-13 09:24:02'),
(443, 55, 18, 1, '2012-10-13 09:24:02', '2012-10-13 09:24:02'),
(444, 55, 19, 1, '2012-10-13 09:24:02', '2012-10-13 09:24:02'),
(445, 55, 20, 1, '2012-10-13 09:24:02', '2012-10-13 09:24:02'),
(446, 55, 22, 1, '2012-10-13 09:24:02', '2012-10-13 09:24:02'),
(447, 55, 24, 0, '2012-10-13 09:24:02', '2012-10-13 09:24:02'),
(448, 55, 25, 1, '2012-10-13 09:24:02', '2012-10-13 09:24:02'),
(449, 55, 17, 1, '2012-10-13 09:24:02', '2012-10-13 09:24:02'),
(450, 55, 15, 1, '2012-10-13 09:24:02', '2012-10-13 09:24:02'),
(451, 55, 23, 1, '2012-10-13 10:44:31', '2012-10-13 10:44:31'),
(452, 55, 31, NULL, '2012-10-13 10:44:31', '2012-10-13 10:44:31'),
(453, 55, 36, NULL, '2012-10-14 08:25:57', '2012-10-14 08:25:57'),
(454, 55, 30, 1, '2012-10-14 08:31:22', '2012-10-14 08:31:22'),
(456, 55, 45, NULL, '2012-10-14 09:16:32', '2012-10-14 09:16:32'),
(457, 56, 14, 1, '2012-10-26 15:42:21', '2012-10-26 15:42:21'),
(458, 56, 16, 1, '2012-10-26 15:42:21', '2012-10-26 15:42:21'),
(459, 56, 19, 1, '2012-10-26 15:42:21', '2012-10-26 15:42:21'),
(460, 56, 20, 1, '2012-10-26 15:42:21', '2012-10-26 15:42:21'),
(461, 56, 21, 0, '2012-10-26 15:42:21', '2012-10-26 15:42:21'),
(462, 56, 22, 1, '2012-10-26 15:42:21', '2012-10-26 15:42:21'),
(463, 56, 25, 1, '2012-10-26 15:42:21', '2012-10-26 15:42:21'),
(464, 56, 17, 0, '2012-10-26 15:42:21', '2012-10-26 15:42:21'),
(465, 56, 15, 1, '2012-10-26 15:42:21', '2012-10-26 15:42:21'),
(466, 56, 31, 1, '2012-10-26 15:42:21', '2012-10-26 15:42:21'),
(467, 56, 23, 1, '2012-10-26 18:16:38', '2012-10-26 18:16:38'),
(468, 56, 30, 1, '2012-10-28 09:36:17', '2012-10-28 09:36:17'),
(469, 57, 14, 1, '2012-11-03 13:14:19', '2012-11-03 13:14:19'),
(470, 57, 16, 1, '2012-11-03 13:14:19', '2012-11-03 13:14:19'),
(471, 57, 18, 1, '2012-11-03 13:14:19', '2012-11-03 13:14:19'),
(472, 57, 20, 1, '2012-11-03 13:14:19', '2012-11-03 13:14:19'),
(473, 57, 22, 0, '2012-11-03 13:14:19', '2012-11-03 13:14:19'),
(474, 57, 24, 1, '2012-11-03 13:14:19', '2012-11-03 13:14:19'),
(475, 57, 25, 1, '2012-11-03 13:14:19', '2012-11-03 13:14:19'),
(476, 57, 17, 1, '2012-11-03 13:14:19', '2012-11-03 13:14:19'),
(477, 57, 15, 1, '2012-11-03 13:14:19', '2012-11-03 13:14:19'),
(478, 57, 23, 1, '2012-11-03 13:14:19', '2012-11-03 13:14:19'),
(479, 57, 31, 1, '2012-11-04 06:43:36', '2012-11-04 06:43:36'),
(480, 58, 14, 1, '2012-11-09 11:43:19', '2012-11-09 11:43:19'),
(481, 58, 16, 0, '2012-11-09 11:43:19', '2012-11-09 11:43:19'),
(482, 58, 18, 1, '2012-11-09 11:43:19', '2012-11-09 11:43:19'),
(483, 58, 19, 1, '2012-11-09 11:43:19', '2012-11-09 11:43:19'),
(484, 58, 20, 1, '2012-11-09 11:43:19', '2012-11-09 11:43:19'),
(485, 58, 22, 1, '2012-11-09 11:43:19', '2012-11-09 11:43:19'),
(486, 58, 24, 1, '2012-11-09 11:43:19', '2012-11-09 11:43:19'),
(487, 58, 25, 1, '2012-11-09 11:43:19', '2012-11-09 11:43:19'),
(488, 58, 17, 1, '2012-11-09 11:43:19', '2012-11-09 11:43:19'),
(489, 58, 15, 1, '2012-11-09 11:43:19', '2012-11-09 11:43:19'),
(490, 58, 23, 0, '2012-11-11 06:42:37', '2012-11-11 06:42:37'),
(491, 58, 30, 1, '2012-11-11 08:15:43', '2012-11-11 08:15:43'),
(504, 59, 14, 1, '2012-11-16 07:08:31', '2012-11-16 07:08:31'),
(505, 59, 15, 1, '2012-11-16 07:08:31', '2012-11-16 07:08:31'),
(506, 59, 16, 1, '2012-11-16 07:08:31', '2012-11-16 07:08:31'),
(507, 59, 17, 1, '2012-11-16 07:08:31', '2012-11-16 07:08:31'),
(508, 59, 19, 1, '2012-11-16 07:08:31', '2012-11-16 07:08:31'),
(509, 59, 20, 1, '2012-11-16 07:08:31', '2012-11-16 07:08:31'),
(510, 59, 21, 1, '2012-11-16 07:08:31', '2012-11-16 07:08:31'),
(511, 59, 22, 1, '2012-11-16 07:08:31', '2012-11-16 07:08:31'),
(512, 59, 23, 1, '2012-11-16 07:08:31', '2012-11-16 07:08:31'),
(513, 59, 25, 0, '2012-11-16 07:08:31', '2012-11-16 07:08:31'),
(514, 59, 31, 1, '2012-11-16 20:11:35', '2012-11-16 20:11:35');

-- --------------------------------------------------------

--
-- Table structure for table `players`
--

CREATE TABLE IF NOT EXISTS `players` (
  `id` int(11) unsigned NOT NULL AUTO_INCREMENT,
  `nome` text CHARACTER SET latin1 COLLATE latin1_spanish_ci NOT NULL,
  `email` text,
  `conv` int(11) NOT NULL,
  `presencas` int(11) NOT NULL,
  `rating` float NOT NULL,
  `ratingLouie` int(11) NOT NULL,
  `vitorias` int(11) NOT NULL,
  `vit_pre` float NOT NULL,
  `golos` int(11) NOT NULL,
  `golos_p_jogo` float NOT NULL,
  `equipa_m` int(6) NOT NULL,
  `equipa_m_p_jogo` float NOT NULL,
  `equipa_s` int(6) NOT NULL,
  `equipa_s_p_jogo` float NOT NULL,
  `created` datetime NOT NULL,
  `modified` datetime NOT NULL,
  PRIMARY KEY (`id`)
) ENGINE=InnoDB  DEFAULT CHARSET=latin1 AUTO_INCREMENT=46 ;

--
-- Dumping data for table `players`
--

INSERT INTO `players` (`id`, `nome`, `email`, `conv`, `presencas`, `rating`, `ratingLouie`, `vitorias`, `vit_pre`, `golos`, `golos_p_jogo`, `equipa_m`, `equipa_m_p_jogo`, `equipa_s`, `equipa_s_p_jogo`, `created`, `modified`) VALUES
(14, 'Peej', 'pedrorodrigues@gmail.com', 1, 35, 450, 525, 16, 0.457, 60, 1.71, 326, 9.31, 335, 9.57, '2012-02-24 01:46:18', '2012-11-18 15:08:54'),
(15, 'André', 'asgomes@gmail.com', 11, 34, 589, 541, 21, 0.618, 68, 2, 328, 9.65, 285, 8.38, '2012-02-24 01:46:31', '2012-11-18 15:08:54'),
(16, 'Vitorino', 'joaovitorino@msn.com', 2, 24, 646, 576, 15, 0.625, 68, 2.83, 243, 10.13, 213, 8.88, '2012-02-24 01:46:43', '2012-11-18 15:08:54'),
(17, 'Vazantes', 'vaz.joao@gmail.com', 10, 24, 515, 533, 11, 0.458, 66, 2.75, 225, 9.38, 241, 10.04, '2012-02-24 01:46:58', '2012-11-18 15:08:54'),
(18, 'Ricardo', 'ricardobelo@gmail.com', 3, 28, 560, 521, 16, 0.571, 59, 2.11, 267, 9.54, 256, 9.14, '2012-02-24 01:47:08', '2012-11-18 15:08:54'),
(19, 'Fresco', 'joaosantos@gmail.com', 4, 22, 531, 459, 13, 0.591, 31, 1.41, 213, 9.68, 217, 9.86, '2012-02-24 01:47:21', '2012-11-18 15:08:54'),
(20, 'Far', 'mail@joaofarinha.eu', 5, 21, 524, 513, 11, 0.524, 44, 2.1, 219, 10.43, 209, 9.95, '2012-02-24 01:47:37', '2012-11-18 15:08:54'),
(21, 'Barroso', 'pedbar@gmail.com', 6, 29, 508, 472, 15, 0.517, 56, 1.93, 268, 9.24, 272, 9.38, '2012-02-24 01:47:45', '2012-11-18 15:08:54'),
(22, 'Anselmo', 'anselmomanel@hotmail.com', 7, 23, 299, 447, 7, 0.304, 26, 1.13, 196, 8.52, 215, 9.35, '2012-02-24 01:48:03', '2012-11-18 15:08:54'),
(23, 'Bruno G.', 'bsmogues@hotmail.com', 12, 25, 420, 479, 11, 0.44, 36, 1.44, 228, 9.12, 236, 9.44, '2012-02-24 01:48:21', '2012-11-18 15:08:54'),
(24, 'Nunão', 'nmldfrancisco@gmail.com', 8, 17, 500, 513, 9, 0.529, 28, 1.65, 157, 9.24, 146, 8.59, '2012-02-24 01:48:32', '2012-11-18 15:08:54'),
(25, 'Louie', 'luismgpereira@gmail.com', 9, 26, 308, 411, 8, 0.308, 32, 1.23, 231, 8.88, 266, 10.23, '2012-02-24 01:49:04', '2012-11-18 15:08:54'),
(28, 'Nuno A.', NULL, 16, 1, 300, 0, 0, 0.4, 0, 0, 0, 0, 0, 0, '2012-02-24 01:49:53', '2012-11-18 15:08:54'),
(30, 'Afonso', 'afonso.lc@gmail.com', 13, 8, 493, 621, 3, 0.375, 27, 3.38, 79, 9.88, 71, 8.88, '2012-02-24 01:50:15', '2012-11-18 15:08:54'),
(31, 'MDK', 'bruno.pires@gmail.com', 19, 16, 422, 445, 7, 0.438, 24, 1.5, 134, 8.38, 157, 9.81, '2012-02-24 01:50:23', '2012-11-18 15:08:54'),
(32, 'Rui', 'rui_agapito@hotmail.com', 18, 2, 588, 485, 2, 0.7, 2, 1, 18, 9, 15, 7.5, '2012-03-05 02:42:43', '2012-11-18 15:08:54'),
(33, 'Diogo (G.)', NULL, 20, 1, 363, 348, 0, 0.4, 1, 1, 9, 9, 14, 14, '2012-04-08 00:00:00', '2012-11-18 15:08:54'),
(34, 'Lobão', 'luis.lobao@gmail.com', 21, 2, 556, 451, 2, 0.7, 1, 0.5, 20, 10, 16, 8, '2012-04-13 17:04:32', '2012-11-18 15:08:54'),
(35, 'Roque', NULL, 22, 1, 425, 467, 0, 0.4, 2, 2, 6, 6, 9, 9, '2012-04-29 09:37:33', '2012-11-18 15:08:54'),
(36, 'Jpj', NULL, 23, 6, 500, 517, 3, 0.5, 12, 2, 53, 8.83, 50, 8.33, '2012-05-27 09:28:53', '2012-11-18 15:08:54'),
(37, 'Raul', 'raulferrao@gmail.com', 24, 3, 492, 453, 2, 0.6002, 2, 0.67, 23, 7.67, 21, 7, '2012-06-02 16:03:39', '2012-11-18 15:08:54'),
(38, 'Silveira', NULL, 25, 2, 438, 496, 1, 0.5, 2, 1, 20, 10, 15, 7.5, '2012-06-10 11:34:26', '2012-11-18 15:08:54'),
(39, 'Colega', NULL, 26, 1, 700, 590, 1, 0.6, 4, 4, 13, 13, 12, 12, '2012-06-24 09:41:07', '2012-11-18 15:08:54'),
(41, 'Gargalo', NULL, 27, 1, 550, 618, 0, 0.4, 4, 4, 9, 9, 10, 10, '2012-07-22 10:28:07', '2012-11-18 15:08:54'),
(42, 'Ico', NULL, 28, 1, 575, 700, 1, 0.6, 2, 2, 6, 6, 4, 4, '2012-07-29 09:16:46', '2012-11-18 15:08:54'),
(43, 'Rosario', NULL, 29, 1, 488, 474, 0, 0.4, 3, 3, 7, 7, 12, 12, '2012-08-12 11:36:47', '2012-11-18 15:08:54'),
(44, 'Barata', NULL, 30, 1, 363, 433, 0, 0.4, 1, 1, 7, 7, 8, 8, '2012-08-19 12:14:20', '2012-11-18 15:08:54'),
(45, 'Júlio', NULL, 31, 0, 375, 0, 0, 0.5, 0, 0, 0, 0, 0, 0, '2012-10-14 09:15:17', '2012-11-18 15:08:54');

-- --------------------------------------------------------

--
-- Table structure for table `players_teams`
--

CREATE TABLE IF NOT EXISTS `players_teams` (
  `id` int(11) NOT NULL AUTO_INCREMENT,
  `player_id` int(11) NOT NULL,
  `team_id` int(11) NOT NULL,
  PRIMARY KEY (`id`)
) ENGINE=InnoDB  DEFAULT CHARSET=latin1 AUTO_INCREMENT=452 ;

--
-- Dumping data for table `players_teams`
--

INSERT INTO `players_teams` (`id`, `player_id`, `team_id`) VALUES
(77, 14, 11),
(78, 18, 11),
(79, 19, 11),
(80, 23, 11),
(81, 32, 11),
(82, 15, 12),
(83, 20, 12),
(84, 21, 12),
(85, 22, 12),
(86, 25, 12),
(87, 14, 13),
(88, 16, 13),
(89, 19, 13),
(90, 20, 13),
(91, 23, 13),
(92, 15, 14),
(93, 18, 14),
(94, 21, 14),
(95, 22, 14),
(96, 25, 14),
(97, 15, 30),
(98, 16, 30),
(99, 17, 30),
(100, 20, 30),
(101, 22, 30),
(102, 14, 31),
(103, 18, 31),
(104, 19, 31),
(105, 25, 31),
(106, 30, 31),
(107, 15, 9),
(108, 21, 9),
(109, 22, 9),
(110, 28, 9),
(111, 30, 9),
(132, 15, 32),
(133, 21, 32),
(134, 20, 32),
(135, 16, 32),
(136, 19, 32),
(137, 22, 33),
(138, 30, 33),
(139, 17, 33),
(140, 23, 33),
(141, 14, 33),
(142, 21, 34),
(143, 16, 34),
(144, 18, 34),
(145, 19, 34),
(146, 14, 34),
(147, 20, 35),
(148, 22, 35),
(149, 24, 35),
(150, 17, 35),
(151, 25, 35),
(152, 21, 38),
(153, 20, 38),
(154, 22, 38),
(155, 14, 38),
(156, 25, 38),
(157, 15, 39),
(158, 16, 39),
(159, 18, 39),
(160, 19, 39),
(161, 24, 39),
(162, 15, 40),
(163, 20, 40),
(164, 31, 41),
(165, 23, 40),
(166, 14, 40),
(167, 21, 41),
(168, 16, 41),
(169, 33, 40),
(170, 17, 41),
(171, 25, 41),
(172, 16, 42),
(173, 18, 42),
(174, 17, 42),
(175, 24, 42),
(176, 22, 42),
(177, 21, 43),
(178, 15, 43),
(179, 34, 43),
(180, 19, 43),
(181, 14, 43),
(182, 21, 44),
(183, 18, 44),
(184, 20, 44),
(185, 19, 44),
(186, 22, 44),
(187, 16, 45),
(188, 15, 45),
(189, 17, 45),
(190, 14, 45),
(191, 25, 45),
(192, 17, 46),
(193, 34, 46),
(194, 18, 46),
(195, 19, 46),
(196, 14, 46),
(197, 15, 47),
(198, 35, 47),
(199, 25, 47),
(200, 23, 47),
(201, 22, 47),
(202, 16, 48),
(203, 17, 48),
(204, 19, 48),
(205, 24, 48),
(206, 23, 48),
(207, 21, 49),
(208, 15, 49),
(209, 18, 49),
(210, 14, 49),
(211, 22, 49),
(212, 21, 50),
(213, 18, 50),
(214, 14, 50),
(215, 25, 50),
(216, 24, 50),
(217, 15, 51),
(218, 16, 51),
(219, 20, 51),
(220, 22, 51),
(221, 23, 51),
(222, 17, 52),
(223, 30, 52),
(224, 19, 52),
(225, 14, 52),
(226, 23, 52),
(227, 21, 53),
(228, 16, 53),
(229, 18, 53),
(230, 36, 53),
(231, 25, 53),
(232, 15, 54),
(233, 31, 54),
(234, 22, 54),
(235, 18, 54),
(236, 14, 54),
(237, 36, 55),
(238, 21, 55),
(239, 37, 55),
(240, 19, 55),
(241, 17, 55),
(242, 21, 56),
(243, 15, 56),
(244, 38, 56),
(245, 31, 56),
(246, 14, 56),
(247, 36, 57),
(248, 16, 57),
(249, 17, 57),
(250, 23, 57),
(251, 24, 57),
(252, 15, 58),
(253, 21, 58),
(254, 37, 58),
(255, 19, 58),
(256, 25, 58),
(257, 36, 59),
(258, 17, 59),
(259, 23, 59),
(260, 14, 59),
(261, 24, 59),
(262, 21, 60),
(263, 18, 60),
(264, 39, 60),
(265, 31, 60),
(266, 14, 60),
(267, 15, 61),
(268, 17, 61),
(269, 23, 61),
(270, 25, 61),
(271, 24, 61),
(272, 16, 62),
(273, 18, 62),
(274, 20, 62),
(275, 14, 62),
(276, 23, 62),
(277, 21, 63),
(278, 15, 63),
(279, 31, 63),
(280, 25, 63),
(281, 24, 63),
(282, 16, 66),
(283, 15, 66),
(284, 31, 66),
(285, 23, 66),
(286, 14, 66),
(287, 21, 67),
(288, 37, 67),
(289, 18, 67),
(290, 41, 67),
(291, 22, 67),
(292, 16, 68),
(293, 18, 68),
(294, 23, 68),
(295, 14, 68),
(296, 22, 68),
(297, 15, 69),
(298, 21, 69),
(299, 31, 69),
(300, 42, 69),
(301, 24, 69),
(302, 15, 70),
(303, 21, 70),
(304, 18, 70),
(305, 14, 70),
(306, 24, 70),
(307, 16, 71),
(308, 31, 71),
(309, 17, 71),
(310, 25, 71),
(311, 22, 71),
(312, 15, 72),
(313, 17, 72),
(314, 43, 72),
(315, 20, 72),
(316, 14, 72),
(317, 16, 73),
(318, 21, 73),
(319, 18, 73),
(320, 23, 73),
(321, 25, 73),
(322, 21, 74),
(323, 15, 74),
(324, 18, 74),
(325, 32, 74),
(326, 31, 74),
(327, 36, 75),
(328, 16, 75),
(329, 44, 75),
(330, 23, 75),
(331, 14, 75),
(332, 21, 76),
(333, 17, 76),
(334, 20, 76),
(335, 23, 76),
(336, 25, 76),
(337, 15, 77),
(338, 30, 77),
(339, 38, 77),
(340, 14, 77),
(341, 24, 77),
(342, 31, 78),
(343, 19, 78),
(344, 17, 78),
(345, 24, 78),
(346, 23, 78),
(347, 15, 79),
(348, 18, 79),
(349, 14, 79),
(350, 25, 79),
(351, 22, 79),
(352, 15, 80),
(353, 18, 80),
(354, 24, 80),
(355, 14, 80),
(356, 25, 80),
(357, 21, 81),
(358, 19, 81),
(359, 17, 81),
(360, 20, 81),
(361, 22, 81),
(362, 16, 82),
(363, 31, 82),
(364, 17, 82),
(365, 24, 82),
(366, 23, 82),
(367, 15, 83),
(368, 21, 83),
(369, 18, 83),
(370, 14, 83),
(371, 25, 83),
(372, 15, 84),
(373, 19, 84),
(374, 23, 84),
(375, 14, 84),
(376, 20, 84),
(377, 31, 85),
(378, 21, 85),
(379, 18, 85),
(380, 25, 85),
(381, 22, 85),
(382, 36, 86),
(383, 21, 86),
(384, 19, 86),
(385, 23, 86),
(386, 20, 86),
(387, 16, 87),
(388, 15, 87),
(389, 18, 87),
(390, 14, 87),
(391, 25, 87),
(392, 16, 88),
(393, 18, 88),
(394, 19, 88),
(395, 14, 88),
(396, 20, 88),
(397, 15, 89),
(398, 31, 89),
(399, 21, 89),
(400, 17, 89),
(401, 25, 89),
(402, 30, 90),
(403, 19, 90),
(404, 14, 90),
(405, 23, 90),
(406, 25, 90),
(407, 15, 91),
(408, 18, 91),
(409, 17, 91),
(410, 20, 91),
(411, 22, 91),
(412, 16, 92),
(413, 31, 92),
(414, 14, 92),
(415, 23, 92),
(416, 25, 92),
(417, 15, 93),
(418, 30, 93),
(419, 19, 93),
(420, 20, 93),
(421, 22, 93),
(422, 15, 94),
(423, 17, 94),
(424, 20, 94),
(425, 24, 94),
(426, 23, 94),
(427, 16, 95),
(428, 18, 95),
(429, 31, 95),
(430, 14, 95),
(431, 25, 95),
(432, 30, 96),
(433, 17, 96),
(434, 20, 96),
(435, 19, 96),
(436, 22, 96),
(437, 15, 97),
(438, 18, 97),
(439, 24, 97),
(440, 14, 97),
(441, 25, 97),
(442, 15, 98),
(443, 21, 98),
(444, 20, 98),
(445, 14, 98),
(446, 23, 98),
(447, 16, 99),
(448, 17, 99),
(449, 19, 99),
(450, 31, 99),
(451, 22, 99);

-- --------------------------------------------------------

--
-- Table structure for table `teams`
--

CREATE TABLE IF NOT EXISTS `teams` (
  `id` int(10) unsigned NOT NULL AUTO_INCREMENT,
  `game_id` int(11) unsigned NOT NULL,
  `winner` tinyint(4) DEFAULT NULL,
  `golos` int(11) NOT NULL,
  `created` datetime NOT NULL,
  `modified` datetime NOT NULL,
  PRIMARY KEY (`id`)
) ENGINE=InnoDB  DEFAULT CHARSET=latin1 AUTO_INCREMENT=100 ;

--
-- Dumping data for table `teams`
--

INSERT INTO `teams` (`id`, `game_id`, `winner`, `golos`, `created`, `modified`) VALUES
(11, 11, 1, 10, '2012-03-05 02:44:56', '2012-03-05 02:44:56'),
(12, 11, 0, 8, '2012-03-05 02:45:39', '2012-03-05 02:45:39'),
(13, 23, 0, 7, '2012-03-05 02:55:38', '2012-03-05 02:55:38'),
(14, 23, 1, 10, '2012-03-05 02:56:10', '2012-03-05 02:56:10'),
(30, 24, 1, 10, '2012-03-16 04:42:18', '2012-03-16 20:02:40'),
(31, 24, 0, 5, '2012-03-16 04:42:18', '2012-03-16 20:03:14'),
(32, 25, 1, 20, '2012-03-16 20:12:37', '2012-03-16 20:12:37'),
(33, 25, 0, 15, '2012-03-16 20:12:37', '2012-03-16 20:12:37'),
(34, 26, 1, 14, '2012-03-25 16:23:50', '2012-03-25 16:23:50'),
(35, 26, 0, 11, '2012-03-25 16:23:50', '2012-03-25 16:23:50'),
(38, 29, 0, 7, '2012-03-26 04:47:06', '2012-04-01 15:49:07'),
(39, 29, 1, 8, '2012-03-26 04:47:06', '2012-04-01 15:49:07'),
(40, 30, 0, 9, '2012-04-06 12:17:45', '2012-04-10 23:16:31'),
(41, 30, 1, 14, '2012-04-06 12:17:45', '2012-04-10 23:16:31'),
(42, 31, 0, 10, '2012-04-13 10:45:48', '2012-04-15 15:29:07'),
(43, 31, 1, 11, '2012-04-13 10:45:48', '2012-04-15 15:29:07'),
(44, 32, 0, 7, '2012-04-20 09:40:39', '2012-04-22 15:02:38'),
(45, 32, 1, 13, '2012-04-20 09:40:39', '2012-04-22 15:02:38'),
(46, 33, 1, 9, '2012-04-27 15:06:34', '2012-04-29 15:09:06'),
(47, 33, 0, 6, '2012-04-27 15:06:34', '2012-04-29 15:09:06'),
(48, 34, 0, 8, '2012-05-05 07:37:55', '2012-05-06 14:05:47'),
(49, 34, 1, 9, '2012-05-05 07:37:55', '2012-05-06 14:05:47'),
(50, 35, 0, 3, '2012-05-11 16:39:20', '2012-05-13 14:54:28'),
(51, 35, 1, 11, '2012-05-11 16:39:20', '2012-05-13 14:54:28'),
(52, 36, 0, 9, '2012-05-19 11:45:27', '2012-05-27 15:03:46'),
(53, 36, 1, 14, '2012-05-19 11:45:27', '2012-05-27 15:03:46'),
(54, 37, 0, 6, '2012-06-01 18:41:36', '2012-06-04 08:43:19'),
(55, 37, 1, 7, '2012-06-01 18:41:36', '2012-06-04 08:43:19'),
(56, 38, 0, 6, '2012-06-09 11:31:32', '2012-06-11 08:03:34'),
(57, 38, 1, 11, '2012-06-09 11:31:32', '2012-06-11 08:03:34'),
(58, 39, 1, 7, '2012-06-15 09:10:41', '2012-06-17 12:42:26'),
(59, 39, 0, 5, '2012-06-15 09:10:41', '2012-06-17 12:42:26'),
(60, 40, 1, 13, '2012-06-23 15:55:33', '2012-06-28 17:38:42'),
(61, 40, 0, 12, '2012-06-23 15:55:33', '2012-06-28 17:38:42'),
(62, 41, 1, 12, '2012-06-29 21:55:12', '2012-07-01 15:41:19'),
(63, 41, 0, 9, '2012-06-29 21:55:12', '2012-07-01 15:41:19'),
(64, 42, NULL, 0, '2012-07-07 12:28:39', '2012-07-07 12:28:39'),
(65, 42, NULL, 0, '2012-07-07 12:28:39', '2012-07-07 12:28:39'),
(66, 43, 1, 10, '2012-07-21 14:19:23', '2012-07-22 14:19:23'),
(67, 43, 0, 9, '2012-07-21 14:19:23', '2012-07-22 14:19:23'),
(68, 44, 0, 4, '2012-07-27 09:41:58', '2012-07-29 15:48:56'),
(69, 44, 1, 6, '2012-07-27 09:41:58', '2012-07-29 15:48:56'),
(70, 45, 1, 13, '2012-08-04 11:45:21', '2012-08-06 09:36:27'),
(71, 45, 0, 7, '2012-08-04 11:45:21', '2012-08-06 09:36:27'),
(72, 46, 0, 7, '2012-08-11 12:23:21', '2012-08-12 15:17:16'),
(73, 46, 1, 12, '2012-08-11 12:23:21', '2012-08-12 15:17:16'),
(74, 47, 1, 8, '2012-08-18 12:21:05', '2012-08-19 15:35:09'),
(75, 47, 0, 7, '2012-08-18 12:21:05', '2012-08-19 15:35:09'),
(76, 48, 0, 4, '2012-08-25 12:36:57', '2012-08-26 14:30:56'),
(77, 48, 1, 14, '2012-08-25 12:36:57', '2012-08-26 14:30:56'),
(78, 49, 1, 9, '2012-08-31 11:14:20', '2012-09-02 15:02:08'),
(79, 49, 0, 5, '2012-08-31 11:14:20', '2012-09-02 15:02:08'),
(80, 50, 1, 14, '2012-09-08 12:17:24', '2012-09-09 14:39:54'),
(81, 50, 0, 6, '2012-09-08 12:17:24', '2012-09-09 14:39:54'),
(82, 51, 1, 7, '2012-09-15 10:42:04', '2012-09-16 15:05:20'),
(83, 51, 0, 5, '2012-09-15 10:42:04', '2012-09-16 15:05:20'),
(84, 52, 1, 14, '2012-09-22 11:36:44', '2012-09-23 16:11:38'),
(85, 52, 0, 13, '2012-09-22 11:36:44', '2012-09-23 16:11:38'),
(86, 53, 0, 9, '2012-09-29 10:27:00', '2012-09-30 15:25:42'),
(87, 53, 1, 14, '2012-09-29 10:27:00', '2012-09-30 15:25:42'),
(88, 54, 1, 14, '2012-10-06 01:02:20', '2012-10-07 21:26:17'),
(89, 54, 0, 10, '2012-10-06 01:02:20', '2012-10-07 21:26:17'),
(90, 55, 0, 8, '2012-10-13 09:24:06', '2012-10-21 14:54:33'),
(91, 55, 1, 11, '2012-10-13 09:24:06', '2012-10-21 14:54:33'),
(92, 56, 0, 5, '2012-10-26 15:42:24', '2012-10-28 16:21:13'),
(93, 56, 1, 11, '2012-10-26 15:42:24', '2012-10-28 16:21:13'),
(94, 57, 1, 10, '2012-11-03 13:14:23', '2012-11-04 21:52:02'),
(95, 57, 0, 8, '2012-11-03 13:14:23', '2012-11-04 21:52:02'),
(96, 58, 1, 17, '2012-11-09 11:43:22', '2012-11-11 20:27:17'),
(97, 58, 0, 7, '2012-11-09 11:43:22', '2012-11-11 20:27:17'),
(98, 59, 1, 14, '2012-11-14 09:47:53', '2012-11-18 15:08:48'),
(99, 59, 0, 3, '2012-11-14 09:47:53', '2012-11-18 15:08:48');

/*!40101 SET CHARACTER_SET_CLIENT=@OLD_CHARACTER_SET_CLIENT */;
/*!40101 SET CHARACTER_SET_RESULTS=@OLD_CHARACTER_SET_RESULTS */;
/*!40101 SET COLLATION_CONNECTION=@OLD_COLLATION_CONNECTION */;
